,Prec,Qobs,Temp,Evap
2001-10-01,0.0,0.13607,8.1,0.4
2001-10-02,0.0,0.13790999999999998,8.6,0.4
2001-10-03,0.0,0.13795,6.0,0.4
2001-10-04,0.0,0.13404000000000002,2.2,0.4
2001-10-05,0.0,0.1383,-0.7,0.4
2001-10-06,1.143,0.15102000000000002,2.4,0.4
2001-10-07,1.905,0.1429,2.9,0.4
2001-10-08,0.762,0.14864000000000002,2.0,0.4
2001-10-09,0.508,0.15239,1.4,0.4
2001-10-10,4.064,0.15165,-1.1,0.4
2001-10-11,0.0,0.16335999999999998,2.2,0.4
2001-10-12,9.144,0.16949,-1.3,0.4
2001-10-13,1.3969999999999998,0.17128,1.1,0.4
2001-10-14,3.048,0.17714000000000002,-0.8,0.4
2001-10-15,0.0,0.20758000000000001,-2.6,0.4
2001-10-16,0.381,0.22359,0.6,0.4
2001-10-17,1.143,0.2255,2.5,0.4
2001-10-18,2.286,0.21785,-2.8,0.4
2001-10-19,1.524,0.22882,0.4,0.4
2001-10-20,5.334,0.25816999999999996,1.3,0.4
2001-10-21,1.905,0.26321,0.4,0.4
2001-10-22,6.223000000000001,0.2668,1.0,0.4
2001-10-23,3.81,0.2732,0.0,0.4
2001-10-24,1.524,0.28401,-1.8,0.4
2001-10-25,1.778,0.29186,-1.2,0.4
2001-10-26,0.0,0.29311,0.8,0.4
2001-10-27,5.08,0.30657,2.6,0.4
2001-10-28,1.524,0.29951,0.8,0.4
2001-10-29,4.3180000000000005,0.29486,-5.1,0.4
2001-10-30,15.621,0.30989,1.1,0.4
2001-10-31,4.952999999999999,0.36071,2.7,0.4
2001-11-01,0.381,0.35096,-1.0,0.2
2001-11-02,0.381,0.38609,0.5,0.2
2001-11-03,0.0,0.41735,1.5,0.2
2001-11-04,1.27,0.39764,2.0,0.2
2001-11-05,0.0,0.38331,2.4,0.2
2001-11-06,0.0,0.39733,-1.9,0.2
2001-11-07,0.0,0.35181,-3.9,0.2
2001-11-08,0.381,0.34233,-4.2,0.2
2001-11-09,0.0,0.34026,-2.2,0.2
2001-11-10,0.0,0.32437,-4.2,0.2
2001-11-11,0.0,0.3079,-2.4,0.2
2001-11-12,0.0,0.29584,-1.1,0.2
2001-11-13,3.302,0.30685,0.2,0.2
2001-11-14,2.1590000000000003,0.36489,3.6,0.2
2001-11-15,2.032,0.33483,5.2,0.2
2001-11-16,17.78,0.39011,5.3,0.2
2001-11-17,1.905,0.3857,3.3,0.2
2001-11-18,0.0,0.33745,-0.6,0.2
2001-11-19,0.762,0.33089,-1.2,0.2
2001-11-20,3.048,0.38835,0.0,0.2
2001-11-21,3.556,0.33705999999999997,0.6,0.2
2001-11-22,7.747000000000001,0.38179,-0.7,0.2
2001-11-23,0.635,0.37699,-1.1,0.2
2001-11-24,0.0,0.36956999999999995,-1.9,0.2
2001-11-25,8.001,0.37082,-6.5,0.2
2001-11-26,0.381,0.3458,-7.4,0.2
2001-11-27,6.858,0.35677,-6.4,0.2
2001-11-28,7.4929999999999986,0.34092,-6.3,0.2
2001-11-29,1.905,0.34869,-3.3,0.2
2001-11-30,3.937,0.33788,-4.1,0.2
2001-12-01,4.8260000000000005,0.4193,-4.3,0.3
2001-12-02,4.064,0.39893,-2.2,0.3
2001-12-03,3.048,0.41677,-3.9,0.3
2001-12-04,2.1590000000000003,0.39268000000000003,-6.4,0.3
2001-12-05,6.731,0.36399000000000004,-8.0,0.3
2001-12-06,2.286,0.36583000000000004,-6.6,0.3
2001-12-07,0.762,0.35568,-5.3,0.3
2001-12-08,0.381,0.34252,-4.9,0.3
2001-12-09,0.762,0.34479,-3.3,0.3
2001-12-10,1.27,0.32953000000000005,-11.2,0.3
2001-12-11,1.016,0.32508000000000004,-8.7,0.3
2001-12-12,4.3180000000000005,0.31719,-9.2,0.3
2001-12-13,18.796000000000006,0.35993,-5.7,0.3
2001-12-14,0.381,0.37235,-1.8,0.3
2001-12-15,0.508,0.34088,-7.4,0.3
2001-12-16,7.62,0.39986,-5.2,0.3
2001-12-17,0.0,0.39584,-1.8,0.3
2001-12-18,3.175,0.35806,-8.8,0.3
2001-12-19,1.143,0.34479,-6.6,0.3
2001-12-20,1.143,0.31906,-13.8,0.3
2001-12-21,0.762,0.31024,-12.3,0.3
2001-12-22,0.0,0.30361,-16.3,0.3
2001-12-23,0.0,0.29229,-19.7,0.3
2001-12-24,0.0,0.31145,-18.0,0.3
2001-12-25,0.0,0.27999,-18.5,0.3
2001-12-26,0.0,0.25692,-14.8,0.3
2001-12-27,2.032,0.24591,-19.8,0.3
2001-12-28,2.54,0.2417,-15.1,0.3
2001-12-29,0.0,0.22580999999999998,-13.7,0.3
2001-12-30,0.0,0.23936,-14.9,0.3
2001-12-31,0.0,0.22191,-11.7,0.3
2002-01-01,3.937,0.28725,-14.6,0.6
2002-01-02,1.143,0.30485999999999996,-10.4,0.6
2002-01-03,0.762,0.30329,-2.7,0.6
2002-01-04,0.0,0.31379,-4.5,0.6
2002-01-05,0.254,0.29838000000000003,-4.8,0.6
2002-01-06,8.509,0.30517,-2.9,0.6
2002-01-07,8.89,0.36665,0.0,0.6
2002-01-08,3.429,0.58594,0.5,0.6
2002-01-09,2.286,0.62615,-0.2,0.6
2002-01-10,0.0,0.6548,-2.7,0.6
2002-01-11,1.016,0.64289,-1.6,0.6
2002-01-12,1.778,0.6200899999999999,-1.8,0.6
2002-01-13,0.0,0.64867,-3.6,0.6
2002-01-14,0.0,0.63013,-8.7,0.6
2002-01-15,1.016,0.57318,-17.7,0.6
2002-01-16,0.762,0.55862,-8.5,0.6
2002-01-17,0.762,0.5172800000000001,-8.9,0.6
2002-01-18,2.286,0.50034,-11.2,0.6
2002-01-19,3.556,0.50065,-8.6,0.6
2002-01-20,3.429,0.48617,-5.9,0.6
2002-01-21,0.762,0.49291999999999997,-5.1,0.6
2002-01-22,0.635,0.47028000000000003,-8.2,0.6
2002-01-23,1.778,0.4718,-10.5,0.6
2002-01-24,5.587999999999999,0.46321999999999997,-5.2,0.6
2002-01-25,7.238999999999999,0.4996,-1.5,0.6
2002-01-26,1.905,0.56072,-6.5,0.6
2002-01-27,1.524,0.55795,-12.4,0.6
2002-01-28,0.0,0.52263,-12.3,0.6
2002-01-29,2.1590000000000003,0.49136,-20.6,0.6
2002-01-30,0.762,0.49421000000000004,-22.0,0.6
2002-01-31,2.667,0.4920600000000001,-8.9,0.6
2002-02-01,1.524,0.37016,-4.9,1.9
2002-02-02,4.953,0.37703000000000003,-5.5,1.9
2002-02-03,1.016,0.3821,-5.0,1.9
2002-02-04,0.381,0.38597,-5.4,1.9
2002-02-05,0.381,0.36938000000000004,-5.1,1.9
2002-02-06,5.461,0.36587,-3.0,1.9
2002-02-07,9.144,0.39054,-2.1,1.9
2002-02-08,1.778,0.38753000000000004,-4.6,1.9
2002-02-09,0.381,0.36125999999999997,-8.6,1.9
2002-02-10,0.381,0.3766,-4.6,1.9
2002-02-11,1.524,0.36243000000000003,-4.8,1.9
2002-02-12,0.0,0.34498,-10.1,1.9
2002-02-13,0.762,0.33401,-6.4,1.9
2002-02-14,0.0,0.3266,-7.8,1.9
2002-02-15,0.381,0.32035,-4.7,1.9
2002-02-16,0.0,0.31684,-5.5,1.9
2002-02-17,0.508,0.31778,-3.4,1.9
2002-02-18,1.016,0.32195,-2.3,1.9
2002-02-19,4.572,0.33343,-2.3,1.9
2002-02-20,0.0,0.35033000000000003,-2.0,1.9
2002-02-21,4.8260000000000005,0.35025,-3.5,1.9
2002-02-22,8.763,0.43055,0.3,1.9
2002-02-23,2.4130000000000003,0.5796899999999999,-10.8,1.9
2002-02-24,1.778,0.55218,-16.7,1.9
2002-02-25,0.0,0.55655,-18.2,1.9
2002-02-26,0.508,0.5595899999999999,-18.7,1.9
2002-02-27,1.143,0.5325,-12.7,1.9
2002-02-28,1.143,0.51755,-11.2,1.9
2002-03-01,0.381,0.50342,-11.2,2.4
2002-03-02,0.0,0.47753999999999996,-14.8,2.4
2002-03-03,0.0,0.46793999999999997,-7.9,2.4
2002-03-04,1.905,0.47273999999999994,-4.5,2.4
2002-03-05,6.222999999999999,0.47898999999999997,-7.2,2.4
2002-03-06,3.302,0.43506999999999996,-21.3,2.4
2002-03-07,1.016,0.40189,-23.1,2.4
2002-03-08,0.0,0.39986,-21.9,2.4
2002-03-09,1.905,0.3944,-11.1,2.4
2002-03-10,3.175,0.39643,-4.3,2.4
2002-03-11,11.557,0.43783999999999995,-1.4,2.4
2002-03-12,2.667,0.50772,-2.2,2.4
2002-03-13,0.508,0.48722,-3.8,2.4
2002-03-14,0.762,0.5172800000000001,-6.2,2.4
2002-03-15,2.286,0.5395300000000001,-5.6,2.4
2002-03-16,0.254,0.51135,-13.3,2.4
2002-03-17,1.778,0.48098,-17.7,2.4
2002-03-18,2.1590000000000003,0.47398999999999997,-14.5,2.4
2002-03-19,12.192,0.46255,-18.3,2.4
2002-03-20,3.556,0.46493,-19.5,2.4
2002-03-21,0.762,0.44728999999999997,-18.6,2.4
2002-03-22,0.0,0.43773,-5.1,2.4
2002-03-23,0.254,0.41294,-3.8,2.4
2002-03-24,1.524,0.40736,-4.7,2.4
2002-03-25,0.381,0.43425,-0.1,2.4
2002-03-26,1.905,0.4734,-0.4,2.4
2002-03-27,3.429,0.48515,-3.0,2.4
2002-03-28,1.905,0.52423,-2.7,2.4
2002-03-29,1.524,0.53008,-4.9,2.4
2002-03-30,0.762,0.52758,-1.1,2.4
2002-03-31,0.0,0.55881,-0.1,2.4
2002-04-01,3.81,0.52477,-5.7,1.8
2002-04-02,0.0,0.52809,-11.6,1.8
2002-04-03,0.0,0.57021,-12.4,1.8
2002-04-04,0.381,0.56248,-3.1,1.8
2002-04-05,2.286,0.5565100000000001,-1.2,1.8
2002-04-06,1.143,0.60452,0.8,1.8
2002-04-07,1.905,0.65577,1.0,1.8
2002-04-08,1.778,0.75297,-5.8,1.8
2002-04-09,7.874,0.86765,-1.6,1.8
2002-04-10,1.27,0.91589,1.0,1.8
2002-04-11,3.048,1.0236,2.3,1.8
2002-04-12,1.778,1.158,2.8,1.8
2002-04-13,10.795,1.433,4.0,1.8
2002-04-14,1.143,2.0935,3.4,1.8
2002-04-15,1.016,2.7043,-2.8,1.8
2002-04-16,0.508,2.8698,-1.8,1.8
2002-04-17,1.143,2.7049,-2.3,1.8
2002-04-18,1.143,2.3863,-1.7,1.8
2002-04-19,1.524,2.114,-0.3,1.8
2002-04-20,0.0,1.9099,-0.7,1.8
2002-04-21,0.0,1.7693,0.7,1.8
2002-04-22,0.0,1.6987,1.7,1.8
2002-04-23,3.4290000000000003,1.7017,-2.0,1.8
2002-04-24,0.762,1.6576,-4.5,1.8
2002-04-25,0.0,1.6125,-2.9,1.8
2002-04-26,3.048,1.5706,-2.7,1.8
2002-04-27,0.0,1.4934,-3.4,1.8
2002-04-28,0.0,1.4546,-1.1,1.8
2002-04-29,0.0,1.4324,2.8,1.8
2002-04-30,1.905,1.4361,2.0,1.8
2002-05-01,0.762,1.4249,0.4,1.4
2002-05-02,0.762,1.4872,1.8,1.4
2002-05-03,0.0,1.6509,0.4,1.4
2002-05-04,6.096,1.8047,-1.4,1.4
2002-05-05,3.302,1.8592,-1.7,1.4
2002-05-06,3.81,1.864,-3.0,1.4
2002-05-07,5.715,1.75,-4.1,1.4
2002-05-08,1.905,1.6346,-4.9,1.4
2002-05-09,0.381,1.5368,-2.9,1.4
2002-05-10,0.0,1.4243,-1.4,1.4
2002-05-11,0.381,1.3447,0.6,1.4
2002-05-12,0.0,1.2882,3.0,1.4
2002-05-13,0.762,1.2878,5.4,1.4
2002-05-14,0.762,1.4484,5.3,1.4
2002-05-15,0.0,1.6484,1.9,1.4
2002-05-16,1.778,1.8524,3.2,1.4
2002-05-17,0.254,1.9859,3.7,1.4
2002-05-18,1.27,2.0462,2.0,1.4
2002-05-19,0.762,2.1537,6.3,1.4
2002-05-20,0.254,2.7055,10.2,1.4
2002-05-21,3.556,3.5889,7.2,1.4
2002-05-22,13.589,4.8138,0.4,1.4
2002-05-23,0.381,5.3347,-1.5,1.4
2002-05-24,0.254,4.8212,-0.3,1.4
2002-05-25,1.651,4.0903,1.8,1.4
2002-05-26,0.381,3.5631,6.0,1.4
2002-05-27,2.54,3.4152,7.4,1.4
2002-05-28,0.635,3.6510000000000002,8.2,1.4
2002-05-29,0.0,4.1595,8.8,1.4
2002-05-30,0.0,4.7466,8.5,1.4
2002-05-31,0.0,5.2292,9.2,1.4
2002-06-01,0.762,5.5681,8.8,1.3
2002-06-02,1.143,5.7446,7.3,1.3
2002-06-03,0.0,5.4367,6.7,1.3
2002-06-04,0.381,5.1429,9.4,1.3
2002-06-05,0.0,4.8875,9.5,1.3
2002-06-06,0.0,4.705,7.3,1.3
2002-06-07,3.683,4.6521,3.9,1.3
2002-06-08,14.605,4.4347,2.4,1.3
2002-06-09,24.13,4.0678,3.1,1.3
2002-06-10,8.001,3.7399,4.7,1.3
2002-06-11,6.476999999999999,3.5389,5.9,1.3
2002-06-12,0.0,3.3476,9.8,1.3
2002-06-13,0.0,3.1235,12.2,1.3
2002-06-14,0.0,3.0262,15.5,1.3
2002-06-15,0.381,3.1404,15.9,1.3
2002-06-16,0.0,3.4610000000000003,15.9,1.3
2002-06-17,2.032,3.8054,13.2,1.3
2002-06-18,3.81,4.2021,7.6,1.3
2002-06-19,0.381,4.3607,5.5,1.3
2002-06-20,0.0,4.1311,8.2,1.3
2002-06-21,0.0,3.7579,12.0,1.3
2002-06-22,1.143,3.4518,14.8,1.3
2002-06-23,1.143,3.4275,14.9,1.3
2002-06-24,0.0,3.5898,13.8,1.3
2002-06-25,0.381,3.7612,14.9,1.3
2002-06-26,0.0,3.6991,17.3,1.3
2002-06-27,0.508,3.5522,17.7,1.3
2002-06-28,9.525,3.4718,13.6,1.3
2002-06-29,2.032,3.4746,10.6,1.3
2002-06-30,0.0,3.5023,9.1,1.3
2002-07-01,0.0,3.3465,7.8,1.0
2002-07-02,0.0,2.9286,8.7,1.0
2002-07-03,0.381,2.5266,11.3,1.0
2002-07-04,0.0,2.2268,10.3,1.0
2002-07-05,0.0,2.0428,8.1,1.0
2002-07-06,0.0,1.8792,11.4,1.0
2002-07-07,1.143,1.7866,17.0,1.0
2002-07-08,6.223000000000001,1.696,13.6,1.0
2002-07-09,0.0,1.7098,12.3,1.0
2002-07-10,0.381,1.7009,16.5,1.0
2002-07-11,0.0,1.6621,18.7,1.0
2002-07-12,0.0,1.5681,20.3,1.0
2002-07-13,2.6670000000000003,1.5013,21.7,1.0
2002-07-14,0.0,1.453,20.2,1.0
2002-07-15,0.0,1.3956,16.4,1.0
2002-07-16,0.0,1.3067,17.2,1.0
2002-07-17,0.0,1.2491,18.4,1.0
2002-07-18,0.0,1.1956,18.3,1.0
2002-07-19,0.0,1.1207,16.0,1.0
2002-07-20,0.0,1.0745,15.2,1.0
2002-07-21,0.0,1.0041,14.5,1.0
2002-07-22,0.0,0.9498200000000001,15.4,1.0
2002-07-23,0.0,0.91589,17.0,1.0
2002-07-24,1.27,0.87229,17.5,1.0
2002-07-25,0.762,0.80621,18.4,1.0
2002-07-26,0.0,0.76112,17.3,1.0
2002-07-27,0.762,0.7398100000000001,14.4,1.0
2002-07-28,4.572,0.70339,13.3,1.0
2002-07-29,0.0,0.69547,11.9,1.0
2002-07-30,0.0,0.66756,12.1,1.0
2002-07-31,0.0,0.62603,8.3,1.0
2002-08-01,0.762,0.58602,8.0,0.8
2002-08-02,0.0,0.5420699999999999,11.4,0.8
2002-08-03,0.0,0.5280100000000001,8.3,0.8
2002-08-04,0.381,0.49558,5.9,0.8
2002-08-05,1.524,0.48086,8.9,0.8
2002-08-06,1.524,0.4769600000000001,8.8,0.8
2002-08-07,0.381,0.49136,8.1,0.8
2002-08-08,2.286,0.48691,10.9,0.8
2002-08-09,0.0,0.4734,12.9,0.8
2002-08-10,0.0,0.45571999999999996,14.6,0.8
2002-08-11,0.0,0.44159,12.3,0.8
2002-08-12,0.0,0.41973,12.1,0.8
2002-08-13,0.0,0.40779,15.5,0.8
2002-08-14,0.0,0.39385,15.4,0.8
2002-08-15,0.0,0.37949,12.9,0.8
2002-08-16,0.381,0.36399000000000004,10.2,0.8
2002-08-17,0.762,0.35252,8.8,0.8
2002-08-18,0.0,0.34369,11.0,0.8
2002-08-19,0.0,0.34081,12.0,0.8
2002-08-20,0.381,0.34221,13.9,0.8
2002-08-21,7.619999999999999,0.3442,12.2,0.8
2002-08-22,23.495,0.33569,12.5,0.8
2002-08-23,0.381,0.33675,15.1,0.8
2002-08-24,0.0,0.34295,14.8,0.8
2002-08-25,1.524,0.35162,15.2,0.8
2002-08-26,1.524,0.34124,13.0,0.8
2002-08-27,3.048,0.33604,13.6,0.8
2002-08-28,0.0,0.33655,14.1,0.8
2002-08-29,0.0,0.34147,13.8,0.8
2002-08-30,0.0,0.33966999999999997,13.8,0.8
2002-08-31,0.381,0.34846,11.7,0.8
2002-09-01,0.0,0.3444,13.3,0.6
2002-09-02,0.381,0.31706999999999996,9.2,0.6
2002-09-03,0.0,0.29514,13.3,0.6
2002-09-04,1.016,0.2812,8.4,0.6
2002-09-05,0.381,0.27971999999999997,8.7,0.6
2002-09-06,2.286,0.27769,7.6,0.6
2002-09-07,0.0,0.28643,8.5,0.6
2002-09-08,0.381,0.29135,5.7,0.6
2002-09-09,0.0,0.30341,6.9,0.6
2002-09-10,0.381,0.30923,9.4,0.6
2002-09-11,0.0,0.31403000000000003,10.8,0.6
2002-09-12,0.0,0.30162,11.9,0.6
2002-09-13,0.0,0.28893,12.6,0.6
2002-09-14,0.0,0.28913,11.7,0.6
2002-09-15,0.0,0.26245999999999997,12.5,0.6
2002-09-16,1.778,0.26036,12.3,0.6
2002-09-17,9.144,0.25653000000000004,7.3,0.6
2002-09-18,0.0,0.25017,5.7,0.6
2002-09-19,0.381,0.24615,7.2,0.6
2002-09-20,0.0,0.24705,5.8,0.6
2002-09-21,0.0,0.25051999999999996,3.1,0.6
2002-09-22,0.0,0.25563,4.5,0.6
2002-09-23,0.0,0.25528,6.4,0.6
2002-09-24,0.0,0.24270999999999998,6.3,0.6
2002-09-25,0.0,0.2488,4.9,0.6
2002-09-26,1.3969999999999998,0.25239,5.5,0.6
2002-09-27,1.524,0.25161,4.4,0.6
2002-09-28,0.254,0.23869,3.4,0.6
2002-09-29,3.556,0.23292,5.4,0.6
2002-09-30,0.0,0.23705,2.8,0.6
2002-10-01,0.0,0.22007,0.8,0.4
2002-10-02,2.1590000000000003,0.21879,0.2,0.4
2002-10-03,3.175,0.23889000000000002,1.2,0.4
2002-10-04,0.254,0.24915,0.7,0.4
2002-10-05,2.286,0.23365999999999998,1.3,0.4
2002-10-06,0.762,0.22416999999999998,4.0,0.4
2002-10-07,0.0,0.23709000000000002,6.3,0.4
2002-10-08,0.0,0.2463,2.2,0.4
2002-10-09,0.0,0.25906999999999997,4.0,0.4
2002-10-10,1.143,0.26047,3.0,0.4
2002-10-11,0.0,0.26328,-3.0,0.4
2002-10-12,0.381,0.26332,-4.0,0.4
2002-10-13,0.381,0.2588,-1.3,0.4
2002-10-14,0.0,0.25505,-0.2,0.4
2002-10-15,0.508,0.24549,0.2,0.4
2002-10-16,0.0,0.24509,3.3,0.4
2002-10-17,0.381,0.24111,3.0,0.4
2002-10-18,0.0,0.23448000000000002,3.7,0.4
2002-10-19,0.0,0.2273,2.2,0.4
2002-10-20,0.0,0.23003,2.0,0.4
2002-10-21,0.0,0.2287,2.6,0.4
2002-10-22,0.0,0.22374000000000002,-2.0,0.4
2002-10-23,0.0,0.21620999999999999,-3.5,0.4
2002-10-24,0.381,0.20836,-4.4,0.4
2002-10-25,0.0,0.20731,-3.8,0.4
2002-10-26,0.0,0.20559000000000002,-2.8,0.4
2002-10-27,0.381,0.20044,-3.4,0.4
2002-10-28,0.762,0.20368,-3.1,0.4
2002-10-29,1.143,0.20017000000000001,-9.6,0.4
2002-10-30,0.0,0.19154000000000002,-13.0,0.4
2002-10-31,0.762,0.19353,-19.1,0.4
2002-11-01,0.0,0.28198,-15.5,0.2
2002-11-02,0.0,0.26996,-15.9,0.2
2002-11-03,0.381,0.27105,-7.0,0.2
2002-11-04,0.0,0.26239,-6.7,0.2
2002-11-05,0.381,0.26797,-4.6,0.2
2002-11-06,0.0,0.24502,-0.7,0.2
2002-11-07,7.62,0.23651,0.0,0.2
2002-11-08,12.573,0.25177,0.9,0.2
2002-11-09,7.874,0.26036,0.8,0.2
2002-11-10,0.254,0.25856,-0.2,0.2
2002-11-11,1.905,0.26079,-0.5,0.2
2002-11-12,4.191,0.2657,0.4,0.2
2002-11-13,2.032,0.26421999999999995,1.5,0.2
2002-11-14,2.794,0.27238,0.4,0.2
2002-11-15,0.0,0.27441,-0.7,0.2
2002-11-16,0.0,0.27574,-0.8,0.2
2002-11-17,0.381,0.27878000000000003,-0.1,0.2
2002-11-18,4.191,0.27593,-0.7,0.2
2002-11-19,0.762,0.27826999999999996,-0.2,0.2
2002-11-20,0.0,0.28292,2.1,0.2
2002-11-21,1.524,0.28725,1.7,0.2
2002-11-22,0.254,0.28670999999999996,2.3,0.2
2002-11-23,1.778,0.31656999999999996,-1.5,0.2
2002-11-24,0.0,0.32379,-7.1,0.2
2002-11-25,0.381,0.30513,-7.6,0.2
2002-11-26,0.762,0.29869,-6.0,0.2
2002-11-27,0.0,0.28483,-3.4,0.2
2002-11-28,0.381,0.27663000000000004,-3.0,0.2
2002-11-29,0.0,0.28202,-2.7,0.2
2002-11-30,0.0,0.27260999999999996,-10.1,0.2
2002-12-01,0.0,0.25841,-9.2,0.3
2002-12-02,0.0,0.25816999999999996,-4.6,0.3
2002-12-03,0.0,0.25731,-6.5,0.3
2002-12-04,0.762,0.2602,-10.3,0.3
2002-12-05,0.381,0.26785,-9.7,0.3
2002-12-06,0.0,0.25723,-4.5,0.3
2002-12-07,0.0,0.25723,-7.7,0.3
2002-12-08,0.0,0.25466,-13.2,0.3
2002-12-09,2.7939999999999996,0.25122,-6.3,0.3
2002-12-10,2.1590000000000003,0.24275,-5.9,0.3
2002-12-11,3.175,0.24040999999999998,-3.2,0.3
2002-12-12,3.683,0.23545,-3.0,0.3
2002-12-13,2.1590000000000003,0.26727,-0.1,0.3
2002-12-14,17.399,0.33109,0.0,0.3
2002-12-15,9.652000000000001,0.40068000000000004,0.7,0.3
2002-12-16,8.636000000000001,0.45208999999999994,-0.5,0.3
2002-12-17,0.762,0.4163,-1.8,0.3
2002-12-18,0.0,0.3969,-4.9,0.3
2002-12-19,0.0,0.3784,-6.3,0.3
2002-12-20,0.0,0.33382,-9.5,0.3
2002-12-21,0.0,0.33815,-11.0,0.3
2002-12-22,0.0,0.31188,-14.7,0.3
2002-12-23,0.0,0.31356,-14.1,0.3
2002-12-24,0.0,0.30279,-13.9,0.3
2002-12-25,1.143,0.29455,-8.9,0.3
2002-12-26,6.476999999999999,0.31731,-5.5,0.3
2002-12-27,9.652000000000001,0.31227,-6.3,0.3
2002-12-28,10.16,0.29654,-3.4,0.3
2002-12-29,2.54,0.33066,-5.6,0.3
2002-12-30,10.668,0.3417,-7.6,0.3
2002-12-31,4.3180000000000005,0.36056,-3.4,0.3
2003-01-01,7.4929999999999986,0.39662,-5.1,0.6
2003-01-02,10.287,0.38776,-2.5,0.6
2003-01-03,0.0,0.43046999999999996,-1.0,0.6
2003-01-04,6.476999999999999,0.40147,-3.4,0.6
2003-01-05,0.381,0.40841,-0.8,0.6
2003-01-06,0.381,0.39475,-4.4,0.6
2003-01-07,0.0,0.38078,-9.5,0.6
2003-01-08,0.0,0.36891,-5.6,0.6
2003-01-09,0.0,0.37141,-6.1,0.6
2003-01-10,0.0,0.33316,-13.1,0.6
2003-01-11,1.778,0.3038,-16.7,0.6
2003-01-12,7.4929999999999986,0.27734000000000003,-2.8,0.6
2003-01-13,2.54,0.27652,-2.2,0.6
2003-01-14,2.667,0.26824000000000003,-5.1,0.6
2003-01-15,0.254,0.26707,-7.0,0.6
2003-01-16,0.0,0.30017,-11.1,0.6
2003-01-17,0.0,0.29174,-13.9,0.6
2003-01-18,0.0,0.29123000000000004,-9.4,0.6
2003-01-19,0.0,0.27343,-10.2,0.6
2003-01-20,0.254,0.26426,-8.1,0.6
2003-01-21,5.08,0.26293,-11.3,0.6
2003-01-22,14.605,0.26645,-18.7,0.6
2003-01-23,1.143,0.27008000000000004,-6.6,0.6
2003-01-24,1.143,0.26695,-2.4,0.6
2003-01-25,7.4929999999999986,0.27133,-1.2,0.6
2003-01-26,5.334,0.35704,-0.8,0.6
2003-01-27,0.254,0.41321,-0.9,0.6
2003-01-28,1.143,0.41575,-4.3,0.6
2003-01-29,7.4929999999999986,0.47707,-5.7,0.6
2003-01-30,11.176000000000002,0.47828000000000004,-2.5,0.6
2003-01-31,12.7,0.54972,-0.6,0.6
2003-02-01,1.143,0.64937,-0.3,1.9
2003-02-02,2.4130000000000003,0.74141,-5.3,1.9
2003-02-03,1.143,0.78373,-4.6,1.9
2003-02-04,0.762,0.72065,-8.5,1.9
2003-02-05,3.048,0.66194,-7.6,1.9
2003-02-06,0.381,0.61038,-11.5,1.9
2003-02-07,0.762,0.60854,-5.8,1.9
2003-02-08,0.762,0.54695,-5.0,1.9
2003-02-09,0.381,0.50178,-5.7,1.9
2003-02-10,0.0,0.4987,-6.8,1.9
2003-02-11,0.0,0.47985,-4.6,1.9
2003-02-12,0.0,0.46438999999999997,-4.2,1.9
2003-02-13,0.889,0.44678,-8.2,1.9
2003-02-14,0.508,0.43483999999999995,-5.0,1.9
2003-02-15,2.7939999999999996,0.41966000000000003,-4.0,1.9
2003-02-16,6.096,0.43827,-0.7,1.9
2003-02-17,1.016,0.46497,-1.7,1.9
2003-02-18,0.0,0.4476,-3.6,1.9
2003-02-19,0.254,0.4261,-3.8,1.9
2003-02-20,2.4130000000000003,0.45287,-2.7,1.9
2003-02-21,3.81,0.44151,-2.4,1.9
2003-02-22,0.0,0.44487,-11.2,1.9
2003-02-23,0.0,0.42413999999999996,-20.3,1.9
2003-02-24,0.0,0.38808000000000004,-28.0,1.9
2003-02-25,0.0,0.37723,-13.7,1.9
2003-02-26,0.762,0.35481999999999997,-7.5,1.9
2003-02-27,0.0,0.34186,-11.3,1.9
2003-02-28,0.0,0.33616,-6.6,1.9
2003-03-01,0.762,0.32554,-8.3,2.4
2003-03-02,1.27,0.34307,-4.8,2.4
2003-03-03,0.762,0.34896,-7.8,2.4
2003-03-04,0.762,0.35583000000000004,-9.6,2.4
2003-03-05,4.191,0.33823000000000003,-4.4,2.4
2003-03-06,3.81,0.34448,-16.5,2.4
2003-03-07,2.286,0.36309,-20.5,2.4
2003-03-08,2.286,0.35096,-22.4,2.4
2003-03-09,7.366,0.36009,-16.8,2.4
2003-03-10,1.905,0.33788,-4.9,2.4
2003-03-11,7.112,0.33721999999999996,-0.1,2.4
2003-03-12,4.3180000000000005,0.42691999999999997,-0.1,2.4
2003-03-13,0.762,0.5180600000000001,1.0,2.4
2003-03-14,6.985,0.71948,1.4,2.4
2003-03-15,11.937999999999999,0.81796,0.9,2.4
2003-03-16,1.143,0.9483299999999999,0.2,2.4
2003-03-17,0.0,0.9985299999999999,-1.2,2.4
2003-03-18,0.0,0.97851,-1.3,2.4
2003-03-19,2.032,0.94099,-1.1,2.4
2003-03-20,3.048,0.9041799999999999,-3.2,2.4
2003-03-21,8.382,0.91956,0.0,2.4
2003-03-22,5.968999999999999,1.01,0.5,2.4
2003-03-23,0.889,1.1374,-2.2,2.4
2003-03-24,1.143,1.2064,-3.0,2.4
2003-03-25,2.54,1.1941,-3.0,2.4
2003-03-26,11.176000000000002,1.18,-3.1,2.4
2003-03-27,0.762,1.1172,-4.8,2.4
2003-03-28,0.0,1.052,-3.5,2.4
2003-03-29,0.381,1.0054,-2.6,2.4
2003-03-30,0.508,0.9396700000000001,-0.1,2.4
2003-03-31,4.699,0.94119,0.6,2.4
2003-04-01,9.271,0.97039,-0.1,1.8
2003-04-02,0.635,1.1102,-2.9,1.8
2003-04-03,1.143,1.2101,-5.6,1.8
2003-04-04,0.762,1.2166,-5.3,1.8
2003-04-05,0.0,1.1997,-7.0,1.8
2003-04-06,0.381,1.1145,-5.4,1.8
2003-04-07,0.381,1.0459,-4.2,1.8
2003-04-08,0.254,0.9724200000000001,-1.4,1.8
2003-04-09,0.889,0.9577,1.0,1.8
2003-04-10,0.508,0.94271,1.0,1.8
2003-04-11,0.762,1.0316,4.0,1.8
2003-04-12,4.699,1.1214,2.0,1.8
2003-04-13,2.4130000000000003,1.329,2.5,1.8
2003-04-14,3.937,1.5775,1.6,1.8
2003-04-15,0.254,1.8019,0.1,1.8
2003-04-16,1.016,1.8759,0.7,1.8
2003-04-17,2.7939999999999996,1.8657,-0.4,1.8
2003-04-18,0.254,1.7629,-0.1,1.8
2003-04-19,0.0,1.676,-0.2,1.8
2003-04-20,0.0,1.6031,1.4,1.8
2003-04-21,0.381,1.5337,2.4,1.8
2003-04-22,0.0,1.547,6.8,1.8
2003-04-23,0.254,1.6632,9.1,1.8
2003-04-24,6.604,1.8644,7.8,1.8
2003-04-25,1.524,2.1275,4.6,1.8
2003-04-26,0.0,2.3296,1.1,1.8
2003-04-27,0.0,2.5013,0.9,1.8
2003-04-28,0.254,2.4677,-2.9,1.8
2003-04-29,1.27,2.2539,-1.7,1.8
2003-04-30,5.08,2.0494,-0.4,1.8
2003-05-01,0.0,1.8937,-0.4,1.4
2003-05-02,0.254,1.8108,3.8,1.4
2003-05-03,0.762,1.7804,2.5,1.4
2003-05-04,0.889,1.7628,-0.2,1.4
2003-05-05,1.016,1.7982,0.6,1.4
2003-05-06,0.0,1.8198,-0.2,1.4
2003-05-07,0.381,1.8019999999999998,-0.6,1.4
2003-05-08,1.143,1.7305,-0.4,1.4
2003-05-09,1.524,1.6293,1.0,1.4
2003-05-10,0.381,1.5334,1.4,1.4
2003-05-11,2.9210000000000003,1.4847,1.2,1.4
2003-05-12,1.651,1.4465,3.8,1.4
2003-05-13,0.381,1.4311,4.7,1.4
2003-05-14,0.0,1.4425,4.7,1.4
2003-05-15,0.0,1.5375,4.8,1.4
2003-05-16,1.651,1.6577,-0.8,1.4
2003-05-17,0.889,1.8283,-1.0,1.4
2003-05-18,2.794,1.9358,-0.2,1.4
2003-05-19,0.381,1.8894,-0.8,1.4
2003-05-20,0.381,1.7602,-0.1,1.4
2003-05-21,0.0,1.5612,2.6,1.4
2003-05-22,0.381,1.4240000000000002,5.2,1.4
2003-05-23,0.0,1.4358,9.0,1.4
2003-05-24,1.524,1.5851,12.4,1.4
2003-05-25,1.016,2.0704,15.4,1.4
2003-05-26,0.0,2.9016,10.3,1.4
2003-05-27,0.0,3.803,8.2,1.4
2003-05-28,0.381,4.2987,11.5,1.4
2003-05-29,0.0,4.7381,12.2,1.4
2003-05-30,27.432,4.7919,11.7,1.4
2003-05-31,0.381,4.9468,11.0,1.4
2003-06-01,0.0,4.8448,9.1,1.3
2003-06-02,0.0,4.5945,8.4,1.3
2003-06-03,0.0,4.223,4.4,1.3
2003-06-04,0.0,3.7999,8.0,1.3
2003-06-05,0.762,3.3992,11.0,1.3
2003-06-06,0.381,3.1406,9.4,1.3
2003-06-07,0.0,2.9079,11.0,1.3
2003-06-08,1.524,2.7763,13.3,1.3
2003-06-09,0.381,2.7217,10.4,1.3
2003-06-10,4.699,2.741,10.6,1.3
2003-06-11,0.0,2.6955,8.8,1.3
2003-06-12,0.0,2.6833,9.7,1.3
2003-06-13,0.0,2.5359,9.5,1.3
2003-06-14,0.0,2.3528,9.9,1.3
2003-06-15,0.0,2.2268,8.8,1.3
2003-06-16,0.0,2.0782,10.7,1.3
2003-06-17,0.0,1.9545,14.8,1.3
2003-06-18,0.381,1.8827,18.8,1.3
2003-06-19,0.762,1.8499,15.5,1.3
2003-06-20,2.4130000000000003,1.8444,10.0,1.3
2003-06-21,0.762,1.8732,5.4,1.3
2003-06-22,0.381,1.8314,4.3,1.3
2003-06-23,0.0,1.7249,6.8,1.3
2003-06-24,0.0,1.5459,8.2,1.3
2003-06-25,0.0,1.3917,9.5,1.3
2003-06-26,0.381,1.2873,13.1,1.3
2003-06-27,0.0,1.1933,14.3,1.3
2003-06-28,0.0,1.1365,14.2,1.3
2003-06-29,0.0,1.1013,15.5,1.3
2003-06-30,0.0,1.0817,16.2,1.3
2003-07-01,0.0,1.0438,11.7,1.0
2003-07-02,0.0,0.9785799999999999,10.5,1.0
2003-07-03,0.0,0.9321299999999999,9.6,1.0
2003-07-04,0.0,0.8788100000000001,11.6,1.0
2003-07-05,0.0,0.8155399999999999,11.5,1.0
2003-07-06,0.0,0.7717,9.6,1.0
2003-07-07,0.381,0.72588,12.8,1.0
2003-07-08,0.0,0.68758,13.7,1.0
2003-07-09,0.0,0.65355,12.3,1.0
2003-07-10,0.0,0.63364,14.8,1.0
2003-07-11,0.0,0.60569,17.6,1.0
2003-07-12,0.0,0.6149399999999999,18.2,1.0
2003-07-13,0.0,0.5937100000000001,15.9,1.0
2003-07-14,0.0,0.54472,11.9,1.0
2003-07-15,0.0,0.5111100000000001,13.4,1.0
2003-07-16,0.381,0.48675,17.0,1.0
2003-07-17,0.0,0.47176999999999997,17.0,1.0
2003-07-18,0.381,0.45557,14.9,1.0
2003-07-19,0.0,0.43613,17.2,1.0
2003-07-20,0.0,0.4200100000000001,19.0,1.0
2003-07-21,0.0,0.40431,18.2,1.0
2003-07-22,0.0,0.39111999999999997,18.5,1.0
2003-07-23,0.0,0.37598000000000004,19.7,1.0
2003-07-24,0.0,0.36567,18.2,1.0
2003-07-25,0.0,0.35474,17.1,1.0
2003-07-26,0.0,0.34736,16.2,1.0
2003-07-27,0.0,0.33237,17.5,1.0
2003-07-28,0.0,0.32109,18.2,1.0
2003-07-29,0.0,0.31942,19.8,1.0
2003-07-30,0.381,0.30587,20.2,1.0
2003-07-31,0.0,0.3022,21.0,1.0
2003-08-01,0.0,0.26855,19.7,0.8
2003-08-02,6.604,0.24836999999999998,19.1,0.8
2003-08-03,0.254,0.2394300000000001,15.7,0.8
2003-08-04,0.0,0.24104,14.3,0.8
2003-08-05,1.778,0.24006,14.2,0.8
2003-08-06,1.778,0.23331,16.5,0.8
2003-08-07,0.0,0.23326999999999998,16.2,0.8
2003-08-08,0.381,0.22425,15.7,0.8
2003-08-09,0.0,0.22246,18.5,0.8
2003-08-10,0.0,0.22468000000000002,19.7,0.8
2003-08-11,0.0,0.22218000000000002,17.7,0.8
2003-08-12,0.0,0.21594000000000002,15.3,0.8
2003-08-13,0.0,0.20579,14.2,0.8
2003-08-14,0.381,0.20192000000000002,14.2,0.8
2003-08-15,0.254,0.19669,19.3,0.8
2003-08-16,0.0,0.18896,18.1,0.8
2003-08-17,0.0,0.1826,14.6,0.8
2003-08-18,0.381,0.17714000000000002,15.7,0.8
2003-08-19,0.381,0.17093,16.9,0.8
2003-08-20,0.0,0.17218,15.3,0.8
2003-08-21,0.762,0.17917,14.0,0.8
2003-08-22,0.508,0.18717,14.3,0.8
2003-08-23,0.0,0.1883,10.9,0.8
2003-08-24,0.0,0.18307,9.4,0.8
2003-08-25,0.0,0.17835,11.9,0.8
2003-08-26,0.381,0.17831,15.4,0.8
2003-08-27,0.0,0.17729,14.9,0.8
2003-08-28,0.0,0.17487,9.9,0.8
2003-08-29,0.0,0.17260999999999999,11.2,0.8
2003-08-30,0.0,0.16671,12.1,0.8
2003-08-31,0.0,0.16773,12.8,0.8
2003-09-01,0.0,0.17597000000000002,14.0,0.6
2003-09-02,0.0,0.16913,14.8,0.6
2003-09-03,0.0,0.16999,15.1,0.6
2003-09-04,0.0,0.16760999999999998,17.4,0.6
2003-09-05,0.0,0.1648,16.3,0.6
2003-09-06,0.0,0.16246,15.6,0.6
2003-09-07,5.8420000000000005,0.15688,14.8,0.6
2003-09-08,9.271,0.16102,10.3,0.6
2003-09-09,0.381,0.16781,6.2,0.6
2003-09-10,0.381,0.17054,5.4,0.6
2003-09-11,3.048,0.17257,8.0,0.6
2003-09-12,2.286,0.17479,6.4,0.6
2003-09-13,0.0,0.17889000000000002,4.2,0.6
2003-09-14,0.0,0.19392,7.0,0.6
2003-09-15,0.762,0.20317000000000002,7.0,0.6
2003-09-16,1.905,0.19802,2.7,0.6
2003-09-17,0.381,0.19607,-0.5,0.6
2003-09-18,0.381,0.1949,3.4,0.6
2003-09-19,2.286,0.19517,6.5,0.6
2003-09-20,0.0,0.19263,5.5,0.6
2003-09-21,0.381,0.19314,7.2,0.6
2003-09-22,0.0,0.19209,7.8,0.6
2003-09-23,0.0,0.18775,9.0,0.6
2003-09-24,0.0,0.18194000000000002,6.5,0.6
2003-09-25,0.0,0.17670999999999998,10.0,0.6
2003-09-26,0.0,0.17085,11.8,0.6
2003-09-27,0.0,0.17073,9.6,0.6
2003-09-28,0.0,0.16582,9.3,0.6
2003-09-29,0.0,0.16371,7.6,0.6
2003-09-30,0.0,0.16039,6.3,0.6
2003-10-01,0.0,0.15485,9.8,0.4
2003-10-02,0.0,0.16176,10.7,0.4
2003-10-03,0.0,0.1698,10.5,0.4
2003-10-04,0.0,0.17740999999999998,9.8,0.4
2003-10-05,0.0,0.17503,9.6,0.4
2003-10-06,0.254,0.17538,10.7,0.4
2003-10-07,0.381,0.17482999999999999,8.9,0.4
2003-10-08,1.143,0.17167000000000002,5.7,0.4
2003-10-09,0.762,0.1714,3.8,0.4
2003-10-10,0.0,0.17010999999999998,-0.3,0.4
2003-10-11,0.381,0.17339000000000002,0.5,0.4
2003-10-12,2.9210000000000003,0.18264,2.1,0.4
2003-10-13,0.762,0.21984,3.0,0.4
2003-10-14,3.937,0.2268300000000001,1.7,0.4
2003-10-15,6.985,0.24908000000000002,-1.1,0.4
2003-10-16,0.762,0.26613000000000003,0.2,0.4
2003-10-17,0.0,0.27281,6.6,0.4
2003-10-18,0.0,0.25938,8.3,0.4
2003-10-19,0.254,0.25161,6.2,0.4
2003-10-20,2.032,0.25431,6.5,0.4
2003-10-21,0.0,0.24896,11.0,0.4
2003-10-22,0.254,0.25064000000000003,11.3,0.4
2003-10-23,0.0,0.25899,6.4,0.4
2003-10-24,0.0,0.26898,-0.6,0.4
2003-10-25,0.0,0.28069,-1.2,0.4
2003-10-26,0.762,0.27339,1.3,0.4
2003-10-27,0.0,0.26688,1.3,0.4
2003-10-28,5.08,0.27152,2.7,0.4
2003-10-29,1.905,0.28858,-1.9,0.4
2003-10-30,0.381,0.31337,-10.1,0.4
2003-10-31,2.6670000000000003,0.35185,-17.3,0.4
2003-11-01,2.286,0.48777,-17.1,0.2
2003-11-02,0.381,0.47235,-11.9,0.2
2003-11-03,1.27,0.44175,-10.8,0.2
2003-11-04,0.381,0.41618,-15.5,0.2
2003-11-05,0.381,0.39271999999999996,-24.1,0.2
2003-11-06,0.0,0.38445,-12.6,0.2
2003-11-07,0.381,0.35915,-16.5,0.2
2003-11-08,0.381,0.3314,-18.4,0.2
2003-11-09,0.635,0.32949,-14.8,0.2
2003-11-10,3.048,0.32387,-2.8,0.2
2003-11-11,2.54,0.33581,-2.3,0.2
2003-11-12,0.0,0.35622,-6.3,0.2
2003-11-13,0.254,0.35369,-6.2,0.2
2003-11-14,0.0,0.34518000000000004,-6.1,0.2
2003-11-15,1.651,0.33560999999999996,-4.8,0.2
2003-11-16,8.636000000000001,0.32625,-1.5,0.2
2003-11-17,5.461,0.29674,-1.7,0.2
2003-11-18,4.572,0.3088,-1.2,0.2
2003-11-19,4.952999999999999,0.32679,0.4,0.2
2003-11-20,14.478,0.32398000000000005,-9.1,0.2
2003-11-21,0.0,0.32059,-15.9,0.2
2003-11-22,0.381,0.2782,-28.8,0.2
2003-11-23,3.937,0.24408000000000002,-15.5,0.2
2003-11-24,2.286,0.26356,-6.4,0.2
2003-11-25,2.9210000000000003,0.28464,-7.9,0.2
2003-11-26,1.524,0.29166,-6.5,0.2
2003-11-27,0.381,0.29685,-6.8,0.2
2003-11-28,7.747000000000001,0.3565,-5.3,0.2
2003-11-29,2.6670000000000003,0.3159,-1.3,0.2
2003-11-30,3.048,0.28963,-9.0,0.2
2003-12-01,2.4130000000000003,0.34514,-16.6,0.3
2003-12-02,0.889,0.33218000000000003,-3.7,0.3
2003-12-03,0.0,0.33261,-1.6,0.3
2003-12-04,5.8420000000000005,0.33061999999999997,-14.8,0.3
2003-12-05,17.272000000000002,0.33015,-4.7,0.3
2003-12-06,0.762,0.35829,-0.3,0.3
2003-12-07,0.0,0.35572,-5.4,0.3
2003-12-08,0.0,0.36727,-11.4,0.3
2003-12-09,1.27,0.37883,-7.7,0.3
2003-12-10,0.0,0.34284000000000003,-12.4,0.3
2003-12-11,1.778,0.35041,-22.3,0.3
2003-12-12,9.525,0.34834,-6.3,0.3
2003-12-13,8.001,0.34639000000000003,-5.6,0.3
2003-12-14,0.762,0.33299999999999996,-3.3,0.3
2003-12-15,0.762,0.33682,-5.3,0.3
2003-12-16,1.143,0.35099,-5.5,0.3
2003-12-17,0.381,0.3638,-3.3,0.3
2003-12-18,0.0,0.33749,-8.1,0.3
2003-12-19,3.556,0.3193,-13.6,0.3
2003-12-20,0.762,0.31567,-7.4,0.3
2003-12-21,0.0,0.30837,-2.5,0.3
2003-12-22,0.0,0.30755,-3.9,0.3
2003-12-23,3.683,0.31813,-8.3,0.3
2003-12-24,0.381,0.33284,-6.6,0.3
2003-12-25,0.0,0.31789,-1.6,0.3
2003-12-26,0.762,0.31153000000000003,-5.1,0.3
2003-12-27,0.762,0.31337,-14.5,0.3
2003-12-28,0.762,0.31992,-11.6,0.3
2003-12-29,0.0,0.31024,-14.9,0.3
2003-12-30,1.651,0.30646,-24.9,0.3
2003-12-31,1.651,0.30404000000000003,-13.3,0.3
2004-01-01,7.4929999999999986,0.29166,-11.1,0.6
2004-01-02,1.778,0.28076999999999996,-17.6,0.6
2004-01-03,0.762,0.27984000000000003,-23.8,0.6
2004-01-04,0.381,0.27666999999999997,-27.1,0.6
2004-01-05,1.016,0.28514,-36.5,0.6
2004-01-06,3.81,0.27531,-35.1,0.6
2004-01-07,4.445,0.27246,-15.4,0.6
2004-01-08,0.381,0.26492,-8.0,0.6
2004-01-09,1.651,0.26961,-3.8,0.6
2004-01-10,0.762,0.273,-2.3,0.6
2004-01-11,0.0,0.29869,-2.3,0.6
2004-01-12,0.635,0.3248,-2.6,0.6
2004-01-13,0.0,0.3394,-3.7,0.6
2004-01-14,2.032,0.35014,-1.3,0.6
2004-01-15,1.016,0.34693,-2.9,0.6
2004-01-16,0.0,0.3353,-2.1,0.6
2004-01-17,0.762,0.33319,-4.5,0.6
2004-01-18,3.048,0.33308000000000004,-5.5,0.6
2004-01-19,0.0,0.3275,-4.3,0.6
2004-01-20,0.0,0.31879,-8.0,0.6
2004-01-21,0.254,0.31711,-6.3,0.6
2004-01-22,2.032,0.3257,-7.6,0.6
2004-01-23,7.874,0.33089,-5.2,0.6
2004-01-24,2.54,0.32765,-5.4,0.6
2004-01-25,1.143,0.3079,-17.0,0.6
2004-01-26,1.524,0.30411,-16.7,0.6
2004-01-27,3.429,0.32995,-19.1,0.6
2004-01-28,3.81,0.32699,-15.6,0.6
2004-01-29,4.064,0.32753000000000004,-1.7,0.6
2004-01-30,1.524,0.38554,-0.6,0.6
2004-01-31,4.064,0.3565,-6.1,0.6
2004-02-01,0.254,0.38866,-12.2,1.9
2004-02-02,0.0,0.36196,-17.5,1.9
2004-02-03,1.016,0.33826999999999996,-11.7,1.9
2004-02-04,5.207000000000002,0.32765,-5.4,1.9
2004-02-05,0.0,0.30927,-10.2,1.9
2004-02-06,5.207000000000002,0.31390999999999997,-7.4,1.9
2004-02-07,0.0,0.30535999999999996,-5.7,1.9
2004-02-08,0.0,0.3118,-5.7,1.9
2004-02-09,0.0,0.31348000000000004,-8.0,1.9
2004-02-10,0.0,0.30755,-4.5,1.9
2004-02-11,1.524,0.29834,-9.8,1.9
2004-02-12,0.381,0.29884,-8.9,1.9
2004-02-13,2.667,0.29506,-12.1,1.9
2004-02-14,0.635,0.30634,-10.9,1.9
2004-02-15,0.381,0.28464,-3.8,1.9
2004-02-16,5.715,0.30626,-3.9,1.9
2004-02-17,13.589,0.29264,-2.1,1.9
2004-02-18,2.54,0.32035,-2.5,1.9
2004-02-19,0.0,0.32769000000000004,-1.3,1.9
2004-02-20,0.0,0.35189000000000004,-3.1,1.9
2004-02-21,0.0,0.35056,-3.8,1.9
2004-02-22,0.0,0.35126999999999997,-4.8,1.9
2004-02-23,0.889,0.34643,-3.3,1.9
2004-02-24,0.0,0.33308000000000004,-3.6,1.9
2004-02-25,0.508,0.35099,-1.0,1.9
2004-02-26,0.889,0.35068,-0.6,1.9
2004-02-27,0.508,0.36493000000000003,-0.6,1.9
2004-02-28,0.254,0.38105,-1.9,1.9
2004-02-29,0.508,0.36095,-7.7,1.9
2004-03-01,0.0,0.3549,-9.6,2.4
2004-03-02,2.4130000000000003,0.3547,-9.4,2.4
2004-03-03,2.032,0.34561,-8.6,2.4
2004-03-04,3.048,0.34721,-5.8,2.4
2004-03-05,2.6670000000000003,0.3364,-7.4,2.4
2004-03-06,1.524,0.35786,-5.6,2.4
2004-03-07,0.762,0.35943,-3.3,2.4
2004-03-08,0.762,0.34600000000000003,0.4,2.4
2004-03-09,0.0,0.34376999999999996,2.4,2.4
2004-03-10,0.0,0.36712,-1.4,2.4
2004-03-11,0.381,0.40966,-0.9,2.4
2004-03-12,1.143,0.45493999999999996,-0.4,2.4
2004-03-13,0.0,0.49398000000000003,-2.2,2.4
2004-03-14,0.381,0.51072,-4.5,2.4
2004-03-15,0.381,0.51802,-2.4,2.4
2004-03-16,1.143,0.51544,-0.9,2.4
2004-03-17,0.762,0.53375,0.2,2.4
2004-03-18,3.429,0.54874,1.6,2.4
2004-03-19,0.762,0.6025699999999999,-2.6,2.4
2004-03-20,0.762,0.6501899999999999,-4.6,2.4
2004-03-21,0.381,0.68321,-1.4,2.4
2004-03-22,0.0,0.70523,1.1,2.4
2004-03-23,1.524,0.73072,0.4,2.4
2004-03-24,0.381,0.7678,1.1,2.4
2004-03-25,4.8260000000000005,0.8271299999999999,-1.0,2.4
2004-03-26,2.032,0.9437700000000001,-0.1,2.4
2004-03-27,3.048,1.0307,-2.0,2.4
2004-03-28,0.381,1.044,-2.2,2.4
2004-03-29,0.381,1.0202,0.5,2.4
2004-03-30,2.286,0.98135,3.5,2.4
2004-03-31,0.0,1.0576,3.5,2.4
2004-04-01,2.286,0.9944700000000001,-0.2,1.8
2004-04-02,0.381,1.0093,-0.2,1.8
2004-04-03,0.508,1.081,-0.6,1.8
2004-04-04,0.0,1.0941,3.6,1.8
2004-04-05,0.0,1.1224,3.7,1.8
2004-04-06,0.0,1.2081,2.5,1.8
2004-04-07,0.0,1.368,3.5,1.8
2004-04-08,2.286,1.5435,4.1,1.8
2004-04-09,0.0,1.7081,3.2,1.8
2004-04-10,0.381,1.7884,3.5,1.8
2004-04-11,0.0,1.7454,4.6,1.8
2004-04-12,0.0,1.7095,6.1,1.8
2004-04-13,0.635,1.6885,6.6,1.8
2004-04-14,1.524,1.8576,4.2,1.8
2004-04-15,1.524,2.0415,1.1,1.8
2004-04-16,5.587999999999999,2.1719999999999997,1.0,1.8
2004-04-17,0.381,2.1288,-0.4,1.8
2004-04-18,0.508,1.9405,0.6,1.8
2004-04-19,2.032,1.8207,0.9,1.8
2004-04-20,3.683,1.6673,0.6,1.8
2004-04-21,0.254,1.5685,1.4,1.8
2004-04-22,0.0,1.4785,3.2,1.8
2004-04-23,0.889,1.4055,4.7,1.8
2004-04-24,0.0,1.3774,2.2,1.8
2004-04-25,0.0,1.3538,2.0,1.8
2004-04-26,0.381,1.3951,5.6,1.8
2004-04-27,1.524,1.4306,8.5,1.8
2004-04-28,3.81,1.6369999999999998,2.2,1.8
2004-04-29,0.762,1.7942,3.5,1.8
2004-04-30,0.0,1.9879,6.4,1.8
2004-05-01,0.0,1.9254,7.3,1.4
2004-05-02,0.762,1.8698,10.6,1.4
2004-05-03,0.0,1.9528,8.4,1.4
2004-05-04,0.0,2.1765,8.2,1.4
2004-05-05,0.0,2.4884,5.1,1.4
2004-05-06,0.0,2.7110000000000003,3.7,1.4
2004-05-07,1.524,2.7206,5.9,1.4
2004-05-08,0.254,2.6828,6.1,1.4
2004-05-09,0.381,2.6258,3.7,1.4
2004-05-10,2.667,2.5586,4.5,1.4
2004-05-11,4.699,2.4439,1.9,1.4
2004-05-12,1.524,2.28,-0.7,1.4
2004-05-13,9.525,2.0923,1.1,1.4
2004-05-14,0.381,1.8945,1.0,1.4
2004-05-15,0.508,1.6951,4.1,1.4
2004-05-16,1.016,1.5792,6.1,1.4
2004-05-17,2.4130000000000003,1.5128,7.5,1.4
2004-05-18,0.0,1.4213,9.4,1.4
2004-05-19,3.937,1.4805,9.1,1.4
2004-05-20,12.446000000000002,1.5907,7.3,1.4
2004-05-21,57.023,1.7115,5.1,1.4
2004-05-22,8.763,1.9271,3.0,1.4
2004-05-23,3.81,2.096,2.0,1.4
2004-05-24,0.0,2.127,2.1,1.4
2004-05-25,2.794,2.0694,5.3,1.4
2004-05-26,0.762,2.0428,7.5,1.4
2004-05-27,0.762,2.0307,7.8,1.4
2004-05-28,1.524,2.2112,6.8,1.4
2004-05-29,1.524,2.4211,5.1,1.4
2004-05-30,0.635,2.5188,4.2,1.4
2004-05-31,0.381,2.5113,4.8,1.4
2004-06-01,0.0,2.417,5.7,1.3
2004-06-02,0.0,2.2727,6.7,1.3
2004-06-03,0.0,2.1275,11.0,1.3
2004-06-04,3.81,2.0608,14.0,1.3
2004-06-05,0.254,2.1468,13.7,1.3
2004-06-06,0.762,2.3792,6.4,1.3
2004-06-07,8.509,2.5866,6.6,1.3
2004-06-08,0.0,2.5832,7.8,1.3
2004-06-09,5.207000000000002,2.4187,8.5,1.3
2004-06-10,15.748,2.2304,9.6,1.3
2004-06-11,1.3969999999999998,2.066,7.9,1.3
2004-06-12,0.0,2.0119,6.4,1.3
2004-06-13,0.0,1.9880000000000002,6.2,1.3
2004-06-14,0.0,1.9338,5.7,1.3
2004-06-15,0.762,1.8352,5.5,1.3
2004-06-16,0.0,1.7445,7.7,1.3
2004-06-17,0.0,1.6506,8.6,1.3
2004-06-18,0.381,1.5452,7.9,1.3
2004-06-19,0.0,1.5077,9.9,1.3
2004-06-20,1.143,1.4735,9.4,1.3
2004-06-21,0.0,1.4041,11.5,1.3
2004-06-22,0.0,1.3529,15.3,1.3
2004-06-23,0.0,1.3514,16.4,1.3
2004-06-24,0.254,1.3646,13.5,1.3
2004-06-25,1.905,1.3881,13.1,1.3
2004-06-26,0.381,1.4527,10.8,1.3
2004-06-27,0.0,1.4572,10.9,1.3
2004-06-28,0.381,1.45,13.9,1.3
2004-06-29,0.508,1.3837,15.8,1.3
2004-06-30,0.0,1.3263,16.2,1.3
2004-07-01,0.0,1.28,13.7,1.0
2004-07-02,0.0,1.2312,14.4,1.0
2004-07-03,0.0,1.2069,13.5,1.0
2004-07-04,2.286,1.143,10.5,1.0
2004-07-05,0.0,1.1057,9.3,1.0
2004-07-06,1.143,1.0741,13.3,1.0
2004-07-07,1.905,1.0586,10.0,1.0
2004-07-08,0.0,1.0328,6.3,1.0
2004-07-09,0.381,0.9818600000000001,9.3,1.0
2004-07-10,0.0,0.94037,10.4,1.0
2004-07-11,0.0,0.8923200000000001,10.2,1.0
2004-07-12,0.381,0.8438399999999999,10.9,1.0
2004-07-13,0.0,0.79985,15.3,1.0
2004-07-14,0.0,0.74473,17.2,1.0
2004-07-15,0.381,0.68879,18.5,1.0
2004-07-16,0.0,0.63899,19.6,1.0
2004-07-17,0.889,0.62556,18.6,1.0
2004-07-18,2.032,0.59937,19.6,1.0
2004-07-19,0.381,0.58008,18.3,1.0
2004-07-20,0.0,0.5716899999999999,14.7,1.0
2004-07-21,0.0,0.5645899999999999,12.5,1.0
2004-07-22,0.0,0.55842,13.9,1.0
2004-07-23,0.0,0.5401100000000001,15.4,1.0
2004-07-24,0.0,0.5172,15.8,1.0
2004-07-25,0.0,0.48913999999999996,16.8,1.0
2004-07-26,0.0,0.45821999999999996,16.8,1.0
2004-07-27,0.0,0.45813999999999994,15.9,1.0
2004-07-28,0.0,0.42727,14.3,1.0
2004-07-29,0.0,0.3978,16.8,1.0
2004-07-30,0.0,0.39709,16.6,1.0
2004-07-31,0.0,0.39674,16.5,1.0
2004-08-01,0.0,0.37418,17.0,0.8
2004-08-02,0.0,0.36985,17.1,0.8
2004-08-03,0.0,0.3727,15.1,0.8
2004-08-04,0.0,0.37071,12.4,0.8
2004-08-05,10.668,0.35256,14.4,0.8
2004-08-06,25.908,0.34369,11.9,0.8
2004-08-07,1.143,0.33874,9.4,0.8
2004-08-08,0.0,0.34986,10.6,0.8
2004-08-09,0.0,0.34229,11.9,0.8
2004-08-10,0.0,0.34717,13.0,0.8
2004-08-11,0.0,0.33597,15.2,0.8
2004-08-12,0.0,0.32625,16.9,0.8
2004-08-13,0.0,0.31243000000000004,17.6,0.8
2004-08-14,0.0,0.29978,19.0,0.8
2004-08-15,0.381,0.29272,19.7,0.8
2004-08-16,0.0,0.27925,18.9,0.8
2004-08-17,3.81,0.27471999999999996,18.3,0.8
2004-08-18,0.381,0.2773,14.5,0.8
2004-08-19,0.381,0.28784,12.4,0.8
2004-08-20,0.381,0.30724,14.2,0.8
2004-08-21,0.254,0.30906999999999996,15.5,0.8
2004-08-22,2.032,0.31465,12.1,0.8
2004-08-23,2.286,0.31212,9.5,0.8
2004-08-24,13.462,0.32781,8.4,0.8
2004-08-25,0.635,0.40123000000000003,8.8,0.8
2004-08-26,8.509,0.50295,8.3,0.8
2004-08-27,0.0,0.6402,9.0,0.8
2004-08-28,0.381,0.7651100000000001,9.0,0.8
2004-08-29,0.381,0.79551,10.1,0.8
2004-08-30,0.0,0.76995,12.0,0.8
2004-08-31,0.0,0.74219,13.0,0.8
2004-09-01,0.254,0.63774,12.7,0.6
2004-09-02,0.0,0.6066699999999999,5.0,0.6
2004-09-03,0.381,0.58032,4.4,0.6
2004-09-04,0.0,0.5211,7.8,0.6
2004-09-05,0.0,0.4864,7.9,0.6
2004-09-06,0.0,0.47489,6.7,0.6
2004-09-07,0.0,0.4606,5.6,0.6
2004-09-08,0.0,0.44978999999999997,6.5,0.6
2004-09-09,0.0,0.42703,7.4,0.6
2004-09-10,4.445,0.41134,8.1,0.6
2004-09-11,0.381,0.40576,8.0,0.6
2004-09-12,1.778,0.39315,7.4,0.6
2004-09-13,0.635,0.40221,6.1,0.6
2004-09-14,5.08,0.42067,5.9,0.6
2004-09-15,1.016,0.49178999999999995,4.5,0.6
2004-09-16,0.381,0.59012,5.2,0.6
2004-09-17,3.937,0.65718,5.8,0.6
2004-09-18,0.381,0.74539,5.9,0.6
2004-09-19,5.08,0.77596,2.9,0.6
2004-09-20,1.143,0.78013,4.1,0.6
2004-09-21,0.381,0.82288,2.4,0.6
2004-09-22,0.254,0.8339200000000001,5.2,0.6
2004-09-23,0.0,0.7943399999999999,7.4,0.6
2004-09-24,0.0,0.69192,7.3,0.6
2004-09-25,0.0,0.65722,9.5,0.6
2004-09-26,0.0,0.6272800000000001,9.3,0.6
2004-09-27,0.0,0.60237,9.3,0.6
2004-09-28,0.0,0.56147,9.2,0.6
2004-09-29,0.0,0.53133,9.6,0.6
2004-09-30,0.0,0.51084,7.6,0.6
2004-10-01,0.0,0.45899999999999996,3.7,0.4
2004-10-02,0.381,0.4467100000000001,5.6,0.4
2004-10-03,0.0,0.43585,6.5,0.4
2004-10-04,0.381,0.42153,6.1,0.4
2004-10-05,0.0,0.42457,6.7,0.4
2004-10-06,0.381,0.41431,6.8,0.4
2004-10-07,0.381,0.42258,6.4,0.4
2004-10-08,0.508,0.42133000000000004,5.4,0.4
2004-10-09,3.556,0.4598600000000001,7.3,0.4
2004-10-10,0.0,0.44128,3.6,0.4
2004-10-11,0.381,0.44448000000000004,3.5,0.4
2004-10-12,0.0,0.4366,6.1,0.4
2004-10-13,0.0,0.44638999999999995,6.0,0.4
2004-10-14,0.762,0.44136000000000003,8.1,0.4
2004-10-15,1.524,0.39702,6.5,0.4
2004-10-16,5.587999999999999,0.40131,6.2,0.4
2004-10-17,12.573,0.43765,-3.2,0.4
2004-10-18,2.286,0.47235,-3.3,0.4
2004-10-19,0.0,0.51736,-0.6,0.4
2004-10-20,1.651,0.5457,-1.1,0.4
2004-10-21,2.667,0.5777,0.3,0.4
2004-10-22,7.747000000000001,0.59059,-1.6,0.4
2004-10-23,1.905,0.57696,-0.8,0.4
2004-10-24,1.524,0.58262,-2.9,0.4
2004-10-25,0.0,0.56377,-1.9,0.4
2004-10-26,0.0,0.5441,-2.4,0.4
2004-10-27,0.0,0.51131,-0.8,0.4
2004-10-28,0.0,0.50241,-1.5,0.4
2004-10-29,0.254,0.48012,-1.5,0.4
2004-10-30,1.524,0.47258999999999995,0.3,0.4
2004-10-31,2.032,0.46571999999999997,-2.2,0.4
2004-11-01,0.381,0.53356,-4.6,0.2
2004-11-02,9.525,0.58941,-1.4,0.2
2004-11-03,0.0,0.5956600000000001,-1.2,0.2
2004-11-04,0.0,0.5989399999999999,-3.9,0.2
2004-11-05,0.381,0.6019,-3.0,0.2
2004-11-06,0.0,0.6119399999999999,-2.0,0.2
2004-11-07,0.0,0.59418,-0.1,0.2
2004-11-08,0.0,0.60596,0.5,0.2
2004-11-09,0.0,0.5487,-0.8,0.2
2004-11-10,0.0,0.56287,0.0,0.2
2004-11-11,0.0,0.5353100000000001,-0.9,0.2
2004-11-12,0.254,0.5230199999999999,-1.2,0.2
2004-11-13,0.0,0.51939,-8.3,0.2
2004-11-14,0.0,0.51771,-3.1,0.2
2004-11-15,6.985,0.52103,-1.8,0.2
2004-11-16,0.0,0.48949,0.4,0.2
2004-11-17,4.064,0.49862,-0.3,0.2
2004-11-18,0.381,0.48754,-0.7,0.2
2004-11-19,1.143,0.4912,-2.0,0.2
2004-11-20,0.0,0.47317,-5.5,0.2
2004-11-21,0.381,0.44698000000000004,-4.5,0.2
2004-11-22,0.381,0.4653600000000001,-3.6,0.2
2004-11-23,6.731,0.45588,-4.4,0.2
2004-11-24,1.778,0.45803,-2.4,0.2
2004-11-25,0.762,0.49062,1.1,0.2
2004-11-26,1.3969999999999998,0.53383,-3.0,0.2
2004-11-27,0.0,0.561,-4.7,0.2
2004-11-28,0.0,0.5766899999999999,-7.7,0.2
2004-11-29,0.508,0.54261,-6.8,0.2
2004-11-30,2.4130000000000003,0.5120100000000001,-7.4,0.2
2004-12-01,0.381,0.48754,-5.9,0.3
2004-12-02,0.381,0.51744,-5.7,0.3
2004-12-03,0.381,0.5202100000000001,-5.9,0.3
2004-12-04,1.016,0.4994,-3.9,0.3
2004-12-05,1.27,0.50358,-4.1,0.3
2004-12-06,3.302,0.51345,-5.7,0.3
2004-12-07,9.398,0.48963999999999996,-8.4,0.3
2004-12-08,8.89,0.51576,-3.2,0.3
2004-12-09,10.287,0.5042399999999999,-3.0,0.3
2004-12-10,2.54,0.53574,-2.4,0.3
2004-12-11,1.905,0.60249,0.3,0.3
2004-12-12,0.0,0.70503,-7.6,0.3
2004-12-13,2.286,0.8201799999999999,-10.4,0.3
2004-12-14,0.508,0.93889,-6.4,0.3
2004-12-15,0.381,0.9139,-1.7,0.3
2004-12-16,0.254,0.8790899999999999,-3.0,0.3
2004-12-17,0.381,0.85188,-3.2,0.3
2004-12-18,0.381,0.79063,-4.3,0.3
2004-12-19,0.762,0.77678,-1.9,0.3
2004-12-20,0.381,0.7296600000000001,-4.3,0.3
2004-12-21,0.381,0.72213,-6.3,0.3
2004-12-22,0.0,0.6806399999999999,-11.1,0.3
2004-12-23,0.762,0.66104,-16.3,0.3
2004-12-24,1.016,0.62111,-7.4,0.3
2004-12-25,0.0,0.61752,-4.8,0.3
2004-12-26,0.0,0.57755,-5.6,0.3
2004-12-27,0.381,0.60144,-14.2,0.3
2004-12-28,0.254,0.5786,-13.6,0.3
2004-12-29,4.3180000000000005,0.5807100000000001,-8.1,0.3
2004-12-30,0.254,0.5491699999999999,-8.0,0.3
2004-12-31,0.0,0.53566,-18.0,0.3
2005-01-01,1.524,0.5035,-22.3,0.6
2005-01-02,1.016,0.48617,-20.6,0.6
2005-01-03,0.0,0.4417100000000001,-18.0,0.6
2005-01-04,0.0,0.41029,-16.8,0.6
2005-01-05,0.254,0.35045,-19.4,0.6
2005-01-06,5.968999999999999,0.36200000000000004,-14.4,0.6
2005-01-07,3.81,0.35298,-15.6,0.6
2005-01-08,1.016,0.37785,-19.1,0.6
2005-01-09,3.4290000000000003,0.33565,-20.0,0.6
2005-01-10,1.27,0.34112,-17.9,0.6
2005-01-11,0.0,0.35736,-18.1,0.6
2005-01-12,1.905,0.36512,-12.2,0.6
2005-01-13,0.762,0.39237,-26.1,0.6
2005-01-14,0.0,0.35020999999999997,-29.1,0.6
2005-01-15,5.461,0.34256,-35.4,0.6
2005-01-16,2.54,0.31532,-19.0,0.6
2005-01-17,7.747000000000001,0.32281,-8.5,0.6
2005-01-18,3.175,0.39803,-1.3,0.6
2005-01-19,0.0,0.49733,1.1,0.6
2005-01-20,0.0,0.67689,1.2,0.6
2005-01-21,0.381,0.8437600000000001,0.0,0.6
2005-01-22,0.254,1.018,-0.3,0.6
2005-01-23,0.0,1.1535,1.3,0.6
2005-01-24,0.0,1.1958,1.0,0.6
2005-01-25,0.0,1.1627,0.0,0.6
2005-01-26,1.016,1.1192,-0.5,0.6
2005-01-27,1.016,1.0746,-0.2,0.6
2005-01-28,0.254,1.0489,-0.2,0.6
2005-01-29,0.0,0.97382,-1.1,0.6
2005-01-30,0.0,0.9648,-1.0,0.6
2005-01-31,0.381,0.90309,-1.1,0.6
2005-02-01,0.0,0.85067,-1.8,1.9
2005-02-02,0.0,0.81257,-1.9,1.9
2005-02-03,0.0,0.7538600000000001,-0.8,1.9
2005-02-04,0.762,0.75855,-0.2,1.9
2005-02-05,1.524,0.74524,-3.3,1.9
2005-02-06,0.0,0.71257,-6.6,1.9
2005-02-07,0.381,0.7024600000000001,-9.6,1.9
2005-02-08,0.381,0.65995,-8.3,1.9
2005-02-09,0.0,0.60788,-7.4,1.9
2005-02-10,0.381,0.62556,-5.9,1.9
2005-02-11,0.0,0.6026100000000001,-11.2,1.9
2005-02-12,0.254,0.5557300000000001,-4.6,1.9
2005-02-13,0.762,0.5606899999999999,-2.1,1.9
2005-02-14,1.143,0.53918,-6.7,1.9
2005-02-15,0.381,0.54093,-10.3,1.9
2005-02-16,0.0,0.49913,-16.5,1.9
2005-02-17,0.0,0.4791,-8.1,1.9
2005-02-18,0.0,0.4572100000000001,-11.4,1.9
2005-02-19,0.0,0.44265,-10.8,1.9
2005-02-20,0.0,0.43593000000000004,-11.7,1.9
2005-02-21,0.0,0.44085,-9.6,1.9
2005-02-22,0.0,0.44913000000000003,-11.8,1.9
2005-02-23,0.381,0.4419,-12.9,1.9
2005-02-24,0.0,0.42823999999999995,-6.8,1.9
2005-02-25,0.0,0.42758,-5.6,1.9
2005-02-26,0.0,0.40435,-3.7,1.9
2005-02-27,0.762,0.41294,-4.0,1.9
2005-02-28,0.381,0.4099,-3.4,1.9
2005-03-01,0.0,0.40705,-0.3,2.4
2005-03-02,0.0,0.4172,0.3,2.4
2005-03-03,0.0,0.42813,-1.0,2.4
2005-03-04,0.0,0.4332,-0.5,2.4
2005-03-05,0.0,0.43827,0.6,2.4
2005-03-06,0.0,0.41966000000000003,1.4,2.4
2005-03-07,0.381,0.44952,-0.8,2.4
2005-03-08,0.0,0.4265600000000001,0.5,2.4
2005-03-09,0.0,0.4638,2.8,2.4
2005-03-10,0.0,0.48348,0.4,2.4
2005-03-11,1.524,0.49085,1.3,2.4
2005-03-12,2.286,0.5018600000000001,-0.2,2.4
2005-03-13,1.524,0.5366,-2.3,2.4
2005-03-14,0.762,0.53492,-4.1,2.4
2005-03-15,0.762,0.56166,-3.4,2.4
2005-03-16,5.968999999999999,0.58391,-2.2,2.4
2005-03-17,1.524,0.56697,-5.4,2.4
2005-03-18,1.016,0.57072,-9.7,2.4
2005-03-19,6.730999999999999,0.59706,-11.3,2.4
2005-03-20,1.905,0.56392,-8.2,2.4
2005-03-21,0.0,0.57411,-2.9,2.4
2005-03-22,2.032,0.55955,-6.4,2.4
2005-03-23,1.143,0.5323100000000001,-9.8,2.4
2005-03-24,0.381,0.51072,-9.8,2.4
2005-03-25,5.334,0.51474,-9.9,2.4
2005-03-26,17.145,0.5321899999999999,-3.4,2.4
2005-03-27,19.558000000000003,0.65257,-1.2,2.4
2005-03-28,1.016,0.7740100000000001,0.4,2.4
2005-03-29,4.191,0.83435,-2.2,2.4
2005-03-30,1.143,0.89431,-1.7,2.4
2005-03-31,2.286,0.90781,-7.8,2.4
2005-04-01,1.524,0.8522700000000001,-1.7,1.8
2005-04-02,0.508,0.8043399999999999,-2.1,1.8
2005-04-03,9.144,0.7612399999999999,-2.1,1.8
2005-04-04,2.54,0.7521899999999999,-3.6,1.8
2005-04-05,0.0,0.7428600000000001,-0.7,1.8
2005-04-06,0.254,0.7256,1.0,1.8
2005-04-07,0.762,0.73322,4.5,1.8
2005-04-08,0.0,0.77303,1.2,1.8
2005-04-09,0.0,0.80633,-0.8,1.8
2005-04-10,1.016,0.8837700000000001,-0.9,1.8
2005-04-11,0.508,0.9497399999999999,-1.1,1.8
2005-04-12,1.143,0.94455,-2.2,1.8
2005-04-13,2.54,0.92561,-0.7,1.8
2005-04-14,3.048,0.92124,-0.6,1.8
2005-04-15,2.032,0.92105,-1.7,1.8
2005-04-16,0.254,0.91422,2.2,1.8
2005-04-17,1.27,0.9038299999999999,3.2,1.8
2005-04-18,2.6670000000000003,0.8997,-0.7,1.8
2005-04-19,2.286,0.9123399999999999,0.7,1.8
2005-04-20,1.143,0.9337700000000001,2.5,1.8
2005-04-21,1.143,0.9310799999999999,5.3,1.8
2005-04-22,0.0,0.92374,7.1,1.8
2005-04-23,0.762,0.97105,7.1,1.8
2005-04-24,0.0,1.0137,7.8,1.8
2005-04-25,0.0,1.1784,9.4,1.8
2005-04-26,0.381,1.3536,9.9,1.8
2005-04-27,1.143,1.5851,1.2,1.8
2005-04-28,0.762,1.7333,-2.0,1.8
2005-04-29,0.0,1.7259,-2.5,1.8
2005-04-30,0.0,1.6369999999999998,-0.3,1.8
2005-05-01,0.381,1.4383,-0.6,1.4
2005-05-02,2.7939999999999996,1.2962,1.9,1.4
2005-05-03,2.667,1.2095,4.3,1.4
2005-05-04,0.508,1.1598,6.4,1.4
2005-05-05,1.778,1.1414,6.5,1.4
2005-05-06,3.683,1.1949,9.3,1.4
2005-05-07,1.143,1.3108,7.3,1.4
2005-05-08,3.683,1.5361,6.9,1.4
2005-05-09,22.987,1.8092,6.2,1.4
2005-05-10,5.08,1.9843,4.6,1.4
2005-05-11,0.381,2.0244,4.4,1.4
2005-05-12,0.0,2.0653,7.4,1.4
2005-05-13,2.7939999999999996,2.0666,9.9,1.4
2005-05-14,5.207000000000002,2.0537,9.3,1.4
2005-05-15,4.8260000000000005,2.0938,9.7,1.4
2005-05-16,1.905,2.2629,10.2,1.4
2005-05-17,0.0,2.4891,6.2,1.4
2005-05-18,13.716,2.7131,4.0,1.4
2005-05-19,3.048,2.7975,5.8,1.4
2005-05-20,12.827,2.7304,4.5,1.4
2005-05-21,12.192,2.6395,3.2,1.4
2005-05-22,0.0,2.5498,4.3,1.4
2005-05-23,0.508,2.4781,3.4,1.4
2005-05-24,0.0,2.3888,4.5,1.4
2005-05-25,0.0,2.1835,5.6,1.4
2005-05-26,0.0,1.9708,8.4,1.4
2005-05-27,0.0,1.8980000000000001,11.0,1.4
2005-05-28,0.0,1.876,12.7,1.4
2005-05-29,0.0,1.8256,10.7,1.4
2005-05-30,0.0,1.8461,11.3,1.4
2005-05-31,6.604000000000001,1.8733,10.5,1.4
2005-06-01,6.8580000000000005,1.8926,6.4,1.3
2005-06-02,8.254999999999999,1.9145,7.9,1.3
2005-06-03,3.048,2.0879,9.3,1.3
2005-06-04,7.112,2.3562,8.5,1.3
2005-06-05,1.524,2.6624,8.8,1.3
2005-06-06,1.143,2.8525,6.2,1.3
2005-06-07,1.905,2.8708,4.8,1.3
2005-06-08,0.0,2.8480000000000003,4.9,1.3
2005-06-09,1.143,2.7542,5.6,1.3
2005-06-10,0.0,2.6194,8.9,1.3
2005-06-11,0.0,2.3911,8.2,1.3
2005-06-12,2.286,2.286,6.8,1.3
2005-06-13,2.54,2.2104,6.5,1.3
2005-06-14,0.381,2.1614,6.5,1.3
2005-06-15,0.0,2.1176,6.2,1.3
2005-06-16,1.778,2.0998,8.2,1.3
2005-06-17,1.143,2.1637,9.8,1.3
2005-06-18,0.0,1.9887,6.9,1.3
2005-06-19,0.0,2.0082,7.7,1.3
2005-06-20,0.0,2.0087,10.2,1.3
2005-06-21,0.0,1.9118,15.5,1.3
2005-06-22,0.0,1.9354,16.0,1.3
2005-06-23,0.0,1.8268,10.2,1.3
2005-06-24,0.0,1.7795,9.5,1.3
2005-06-25,0.0,1.67,10.6,1.3
2005-06-26,1.651,1.5772,11.0,1.3
2005-06-27,8.89,1.4957,10.6,1.3
2005-06-28,9.144,1.4321,9.1,1.3
2005-06-29,0.381,1.4044,9.7,1.3
2005-06-30,0.0,1.3455,12.0,1.3
2005-07-01,0.0,1.4023,11.6,1.0
2005-07-02,0.0,1.3274,10.6,1.0
2005-07-03,0.0,1.2628,8.5,1.0
2005-07-04,0.0,1.2123,10.6,1.0
2005-07-05,0.381,1.1414,13.1,1.0
2005-07-06,0.0,1.0278,14.4,1.0
2005-07-07,0.0,0.91355,11.3,1.0
2005-07-08,13.716,0.85414,12.0,1.0
2005-07-09,8.89,0.84177,10.6,1.0
2005-07-10,0.889,0.82994,9.1,1.0
2005-07-11,0.0,0.7893100000000001,10.2,1.0
2005-07-12,0.0,0.77198,12.1,1.0
2005-07-13,0.0,0.73954,14.5,1.0
2005-07-14,0.0,0.70086,12.7,1.0
2005-07-15,4.064,0.66662,14.3,1.0
2005-07-16,0.0,0.6370399999999999,12.1,1.0
2005-07-17,0.0,0.6187699999999999,10.7,1.0
2005-07-18,0.0,0.5786,13.7,1.0
2005-07-19,0.0,0.5595899999999999,14.5,1.0
2005-07-20,0.0,0.53371,14.4,1.0
2005-07-21,0.254,0.52552,15.0,1.0
2005-07-22,0.0,0.50705,14.2,1.0
2005-07-23,0.0,0.4643100000000001,13.5,1.0
2005-07-24,0.0,0.45264,12.5,1.0
2005-07-25,0.0,0.4243,12.9,1.0
2005-07-26,0.381,0.39842,12.4,1.0
2005-07-27,0.0,0.39662,14.3,1.0
2005-07-28,0.0,0.38335,16.4,1.0
2005-07-29,0.381,0.36946,16.7,1.0
2005-07-30,0.0,0.36351999999999995,15.3,1.0
2005-07-31,0.0,0.35306,16.6,1.0
2005-08-01,0.0,0.33335,16.7,0.8
2005-08-02,0.0,0.32141,15.1,0.8
2005-08-03,0.0,0.31258,13.0,0.8
2005-08-04,0.0,0.30641999999999997,13.1,0.8
2005-08-05,0.0,0.30680999999999997,15.4,0.8
2005-08-06,0.0,0.26605999999999996,16.1,0.8
2005-08-07,0.0,0.26754,16.9,0.8
2005-08-08,0.0,0.27215,16.5,0.8
2005-08-09,0.0,0.28596,15.6,0.8
2005-08-10,0.0,0.29783000000000004,13.2,0.8
2005-08-11,0.381,0.29955,11.7,0.8
2005-08-12,2.9210000000000003,0.28819,10.3,0.8
2005-08-13,0.381,0.29108,7.5,0.8
2005-08-14,0.0,0.29181999999999997,11.5,0.8
2005-08-15,0.381,0.29373,14.1,0.8
2005-08-16,11.175999999999998,0.2885,15.5,0.8
2005-08-17,1.3969999999999998,0.28354,11.3,0.8
2005-08-18,0.381,0.2835,7.4,0.8
2005-08-19,0.0,0.27051,8.6,0.8
2005-08-20,0.0,0.27808,11.0,0.8
2005-08-21,0.0,0.27905,13.9,0.8
2005-08-22,0.0,0.27675,15.9,0.8
2005-08-23,0.0,0.27297,11.5,0.8
2005-08-24,0.762,0.26395,6.7,0.8
2005-08-25,0.0,0.2609,9.4,0.8
2005-08-26,0.381,0.26231,10.8,0.8
2005-08-27,0.0,0.26079,12.4,0.8
2005-08-28,0.0,0.26391,13.0,0.8
2005-08-29,0.0,0.25536,12.1,0.8
2005-08-30,0.0,0.25372,7.4,0.8
2005-08-31,0.0,0.25321,8.4,0.8
2005-09-01,0.0,0.25411,9.5,0.6
2005-09-02,0.0,0.2618,11.2,0.6
2005-09-03,0.0,0.26325,11.5,0.6
2005-09-04,0.0,0.25606,10.0,0.6
2005-09-05,0.0,0.25072,8.2,0.6
2005-09-06,0.0,0.24411999999999998,7.0,0.6
2005-09-07,0.0,0.23751999999999998,8.8,0.6
2005-09-08,0.0,0.22671,10.7,0.6
2005-09-09,0.381,0.21078000000000002,10.9,0.6
2005-09-10,3.937,0.21406,5.5,0.6
2005-09-11,3.937,0.23194,3.9,0.6
2005-09-12,0.762,0.26165,5.6,0.6
2005-09-13,0.381,0.28909,5.4,0.6
2005-09-14,0.0,0.30045,6.9,0.6
2005-09-15,0.0,0.29533000000000004,5.3,0.6
2005-09-16,0.381,0.28089000000000003,6.4,0.6
2005-09-17,0.0,0.28115999999999997,5.6,0.6
2005-09-18,0.0,0.28713,6.2,0.6
2005-09-19,0.0,0.28873000000000004,7.2,0.6
2005-09-20,0.0,0.28561,6.2,0.6
2005-09-21,0.0,0.29736,4.4,0.6
2005-09-22,0.0,0.29591999999999996,3.3,0.6
2005-09-23,0.381,0.2892,3.6,0.6
2005-09-24,0.0,0.27371,2.8,0.6
2005-09-25,0.381,0.26921999999999996,3.2,0.6
2005-09-26,0.381,0.2693,6.1,0.6
2005-09-27,0.0,0.2677,4.8,0.6
2005-09-28,3.048,0.26543,3.1,0.6
2005-09-29,13.589000000000002,0.26215,6.2,0.6
2005-09-30,12.954,0.27211,8.9,0.6
2005-10-01,1.524,0.31048000000000003,5.4,0.4
2005-10-02,0.381,0.4153600000000001,2.4,0.4
2005-10-03,1.27,0.57271,0.2,0.4
2005-10-04,1.3969999999999998,0.65288,0.3,0.4
2005-10-05,0.0,0.6413300000000001,0.8,0.4
2005-10-06,2.1590000000000003,0.59265,0.6,0.4
2005-10-07,0.381,0.54901,3.9,0.4
2005-10-08,0.0,0.5199699999999999,2.9,0.4
2005-10-09,0.0,0.50455,0.9,0.4
2005-10-10,0.0,0.50373,1.7,0.4
2005-10-11,0.0,0.48686999999999997,3.1,0.4
2005-10-12,2.4130000000000003,0.46474,2.0,0.4
2005-10-13,0.0,0.46345,4.1,0.4
2005-10-14,0.0,0.45307,4.5,0.4
2005-10-15,0.0,0.44378,7.2,0.4
2005-10-16,0.762,0.43703000000000003,5.1,0.4
2005-10-17,0.0,0.41863999999999996,6.5,0.4
2005-10-18,1.016,0.41911000000000004,7.2,0.4
2005-10-19,0.508,0.4275,2.8,0.4
2005-10-20,1.143,0.44475,4.8,0.4
2005-10-21,0.0,0.45216999999999996,3.9,0.4
2005-10-22,0.0,0.46793999999999997,2.4,0.4
2005-10-23,0.0,0.49667,3.0,0.4
2005-10-24,0.0,0.50073,4.0,0.4
2005-10-25,1.016,0.49451999999999996,5.3,0.4
2005-10-26,2.032,0.45411999999999997,5.6,0.4
2005-10-27,1.524,0.45518000000000003,2.3,0.4
2005-10-28,4.953,0.44956,-0.4,0.4
2005-10-29,0.0,0.43055,0.9,0.4
2005-10-30,1.905,0.41548,0.0,0.4
2005-10-31,7.3660000000000005,0.44151,-0.3,0.4
2005-11-01,9.906,0.49886,1.2,0.2
2005-11-02,0.381,0.5382,-0.4,0.2
2005-11-03,9.525,0.55947,-2.2,0.2
2005-11-04,5.587999999999999,0.5788399999999999,-1.2,0.2
2005-11-05,5.461,0.59585,-1.8,0.2
2005-11-06,1.905,0.5928899999999999,-2.1,0.2
2005-11-07,4.8260000000000005,0.5686100000000001,-3.0,0.2
2005-11-08,0.762,0.5371100000000001,-4.0,0.2
2005-11-09,0.762,0.52391,-3.6,0.2
2005-11-10,0.0,0.51107,-2.0,0.2
2005-11-11,3.048,0.4935100000000001,1.3,0.2
2005-11-12,1.143,0.4777,-2.9,0.2
2005-11-13,5.08,0.47633000000000003,-3.6,0.2
2005-11-14,1.143,0.47317,-3.0,0.2
2005-11-15,1.016,0.47501000000000004,-11.3,0.2
2005-11-16,0.762,0.47321,-6.2,0.2
2005-11-17,0.0,0.45716999999999997,-4.2,0.2
2005-11-18,0.0,0.45537,-4.1,0.2
2005-11-19,0.0,0.42477,-2.6,0.2
2005-11-20,0.0,0.41313999999999995,-1.7,0.2
2005-11-21,0.0,0.40791,-1.9,0.2
2005-11-22,0.0,0.40018000000000004,-3.3,0.2
2005-11-23,0.0,0.39229,-3.8,0.2
2005-11-24,0.254,0.38238,-5.3,0.2
2005-11-25,4.953,0.39026,-6.5,0.2
2005-11-26,1.143,0.37051,-2.2,0.2
2005-11-27,2.1590000000000003,0.35996999999999996,-4.3,0.2
2005-11-28,1.016,0.33753,-9.7,0.2
2005-11-29,8.763,0.34342,-10.9,0.2
2005-11-30,1.905,0.33558000000000004,-17.4,0.2
2005-12-01,5.461,0.33019,-20.9,0.3
2005-12-02,2.9210000000000003,0.34935,-16.5,0.3
2005-12-03,0.254,0.3339,-16.1,0.3
2005-12-04,0.381,0.3207,-22.0,0.3
2005-12-05,1.905,0.32914,-14.0,0.3
2005-12-06,0.381,0.31664000000000003,-22.3,0.3
2005-12-07,0.381,0.28307,-30.7,0.3
2005-12-08,0.762,0.26118,-18.4,0.3
2005-12-09,0.0,0.22979000000000002,-13.4,0.3
2005-12-10,0.0,0.2223,-8.4,0.3
2005-12-11,0.381,0.23487,-9.4,0.3
2005-12-12,0.635,0.23456,-14.0,0.3
2005-12-13,0.381,0.25587,-8.0,0.3
2005-12-14,0.0,0.28495,-8.8,0.3
2005-12-15,0.0,0.2835,-18.9,0.3
2005-12-16,0.0,0.27378,-17.8,0.3
2005-12-17,0.0,0.25634,-16.7,0.3
2005-12-18,0.0,0.25606,-21.3,0.3
2005-12-19,1.143,0.24974000000000002,-26.0,0.3
2005-12-20,1.016,0.25899,-7.8,0.3
2005-12-21,11.557,0.29034,-1.0,0.3
2005-12-22,13.589,0.35946,-0.1,0.3
2005-12-23,5.08,0.47871,0.0,0.3
2005-12-24,1.524,0.50393,-0.2,0.3
2005-12-25,2.54,0.53535,0.1,0.3
2005-12-26,6.35,0.56935,0.1,0.3
2005-12-27,13.462,0.59511,-0.3,0.3
2005-12-28,0.762,0.57712,-1.4,0.3
2005-12-29,1.016,0.57294,-2.6,0.3
2005-12-30,11.811,0.56377,-4.6,0.3
2005-12-31,9.906,0.6229399999999999,-1.9,0.3
2006-01-01,1.778,0.60526,-3.9,0.6
2006-01-02,3.556,0.63247,-1.8,0.6
2006-01-03,5.207000000000002,0.5877,-2.5,0.6
2006-01-04,1.143,0.57294,-3.0,0.6
2006-01-05,1.016,0.5667,-4.5,0.6
2006-01-06,7.619999999999999,0.55702,-0.6,0.6
2006-01-07,10.16,0.6200899999999999,0.2,0.6
2006-01-08,0.0,0.6109600000000001,-1.5,0.6
2006-01-09,21.590000000000003,0.67119,-3.7,0.6
2006-01-10,19.939,0.76749,-1.7,0.6
2006-01-11,3.048,0.85141,-0.8,0.6
2006-01-12,6.3500000000000005,0.81487,-3.1,0.6
2006-01-13,11.43,0.8362700000000001,-2.7,0.6
2006-01-14,9.398,0.93245,0.1,0.6
2006-01-15,1.143,0.9787,-2.6,0.6
2006-01-16,6.35,0.9925200000000001,-6.4,0.6
2006-01-17,9.652000000000001,0.99267,-3.6,0.6
2006-01-18,0.0,0.97757,-5.1,0.6
2006-01-19,1.016,0.8990299999999999,-5.8,0.6
2006-01-20,5.207000000000002,0.8930600000000001,-5.9,0.6
2006-01-21,0.762,0.83591,-4.7,0.6
2006-01-22,0.762,0.80894,-6.3,0.6
2006-01-23,0.762,0.74379,-3.7,0.6
2006-01-24,0.0,0.7298600000000001,-1.8,0.6
2006-01-25,0.254,0.70168,-2.1,0.6
2006-01-26,2.1590000000000003,0.66686,-2.8,0.6
2006-01-27,1.143,0.66998,-3.9,0.6
2006-01-28,1.524,0.65359,-5.3,0.6
2006-01-29,8.509,0.6552600000000001,-4.9,0.6
2006-01-30,3.937,0.6801699999999999,-2.7,0.6
2006-01-31,1.143,0.67291,-3.3,0.6
2006-02-01,5.08,0.59863,-3.6,1.9
2006-02-02,7.366,0.58883,-2.6,1.9
2006-02-03,0.0,0.6080300000000001,-5.5,1.9
2006-02-04,2.794,0.61151,-2.0,1.9
2006-02-05,0.762,0.60593,-3.0,1.9
2006-02-06,0.0,0.58012,-4.8,1.9
2006-02-07,0.0,0.56412,-5.1,1.9
2006-02-08,0.381,0.53586,-2.8,1.9
2006-02-09,0.0,0.52883,-7.7,1.9
2006-02-10,0.0,0.49233999999999994,-13.0,1.9
2006-02-11,0.381,0.49378,-14.2,1.9
2006-02-12,1.016,0.47516,-9.3,1.9
2006-02-13,2.4130000000000003,0.45963000000000004,-6.1,1.9
2006-02-14,2.6670000000000003,0.44795,-8.8,1.9
2006-02-15,1.524,0.44054,-15.1,1.9
2006-02-16,0.0,0.4405,-13.6,1.9
2006-02-17,0.0,0.3743,-21.2,1.9
2006-02-18,0.381,0.32765,-26.1,1.9
2006-02-19,0.381,0.30853,-19.0,1.9
2006-02-20,0.0,0.32785,-8.8,1.9
2006-02-21,1.143,0.3921,-8.1,1.9
2006-02-22,2.6670000000000003,0.41321,-5.4,1.9
2006-02-23,4.953,0.4517,-6.1,1.9
2006-02-24,0.762,0.43277,-10.1,1.9
2006-02-25,1.143,0.42976000000000003,-17.7,1.9
2006-02-26,5.588000000000001,0.43288999999999994,-5.3,1.9
2006-02-27,7.4929999999999986,0.47461000000000003,-0.9,1.9
2006-02-28,6.730999999999999,0.53395,-0.7,1.9
2006-03-01,0.0,0.52477,-2.6,2.4
2006-03-02,0.0,0.55186,-5.7,2.4
2006-03-03,0.0,0.59472,-9.1,2.4
2006-03-04,0.381,0.5613100000000001,-9.0,2.4
2006-03-05,0.889,0.57868,-3.1,2.4
2006-03-06,3.4290000000000003,0.58473,-1.2,2.4
2006-03-07,0.0,0.60401,-1.4,2.4
2006-03-08,5.715,0.58645,-3.5,2.4
2006-03-09,0.381,0.57782,-5.8,2.4
2006-03-10,0.254,0.60554,-11.4,2.4
2006-03-11,0.0,0.54238,-12.8,2.4
2006-03-12,0.0,0.51232,-12.4,2.4
2006-03-13,1.143,0.51868,-8.6,2.4
2006-03-14,5.207000000000002,0.4928,-5.0,2.4
2006-03-15,0.0,0.4866,-5.3,2.4
2006-03-16,1.143,0.49515,-3.9,2.4
2006-03-17,4.064,0.49304,-2.4,2.4
2006-03-18,2.286,0.49233999999999994,-2.9,2.4
2006-03-19,0.762,0.48558,-5.8,2.4
2006-03-20,0.0,0.47372,-6.5,2.4
2006-03-21,0.762,0.47563,-4.8,2.4
2006-03-22,1.016,0.4835100000000001,-4.8,2.4
2006-03-23,0.0,0.47008999999999995,-2.0,2.4
2006-03-24,6.096,0.50475,-0.1,2.4
2006-03-25,2.794,0.53184,0.9,2.4
2006-03-26,1.143,0.54894,-1.3,2.4
2006-03-27,0.254,0.59234,-2.4,2.4
2006-03-28,0.0,0.62611,-3.8,2.4
2006-03-29,1.524,0.6512399999999999,0.7,2.4
2006-03-30,4.191,0.67779,-1.1,2.4
2006-03-31,1.143,0.70417,-1.8,2.4
2006-04-01,1.524,0.71378,0.4,1.8
2006-04-02,0.762,0.7733399999999999,-0.8,1.8
2006-04-03,2.54,0.80285,-3.5,1.8
2006-04-04,4.572,0.8792,0.6,1.8
2006-04-05,4.064,0.9326,2.0,1.8
2006-04-06,4.572,1.1045,2.1,1.8
2006-04-07,0.762,1.4461,2.6,1.8
2006-04-08,9.525,1.7485,3.4,1.8
2006-04-09,1.016,1.8915,1.3,1.8
2006-04-10,2.286,1.9389,1.1,1.8
2006-04-11,0.0,1.9282,-0.2,1.8
2006-04-12,1.778,1.8983,-0.2,1.8
2006-04-13,0.381,1.8844,0.6,1.8
2006-04-14,3.81,1.9786,2.1,1.8
2006-04-15,8.128,2.0679,0.8,1.8
2006-04-16,0.381,2.1407,-1.4,1.8
2006-04-17,0.889,2.1538,-2.0,1.8
2006-04-18,0.0,2.1185,-1.8,1.8
2006-04-19,0.381,2.0238,-0.1,1.8
2006-04-20,0.0,1.8674,2.5,1.8
2006-04-21,0.0,1.7673,4.8,1.8
2006-04-22,1.524,1.7523,3.7,1.8
2006-04-23,0.0,1.8369,0.2,1.8
2006-04-24,0.0,1.9642,0.5,1.8
2006-04-25,0.0,2.059,1.8,1.8
2006-04-26,0.0,2.0599,4.0,1.8
2006-04-27,0.381,2.0272,4.3,1.8
2006-04-28,0.0,2.0651,6.2,1.8
2006-04-29,10.414000000000001,2.2044,9.4,1.8
2006-04-30,0.0,2.6116,5.8,1.8
2006-05-01,1.905,2.7695,2.3,1.4
2006-05-02,0.381,2.8638,0.2,1.4
2006-05-03,0.0,2.7774,0.2,1.4
2006-05-04,0.0,2.5639999999999996,0.1,1.4
2006-05-05,0.0,2.4096,2.5,1.4
2006-05-06,0.0,2.3215,6.2,1.4
2006-05-07,1.016,2.3301,1.0,1.4
2006-05-08,0.762,2.2993,0.2,1.4
2006-05-09,0.0,2.3197,-2.2,1.4
2006-05-10,0.0,2.2672,-1.7,1.4
2006-05-11,0.0,2.1546,-1.6,1.4
2006-05-12,0.0,2.0835,4.0,1.4
2006-05-13,0.0,2.0504,2.3,1.4
2006-05-14,0.0,2.0932,7.3,1.4
2006-05-15,0.0,2.249,11.4,1.4
2006-05-16,0.0,2.6242,14.5,1.4
2006-05-17,0.0,3.303,17.0,1.4
2006-05-18,3.048,4.1717,17.4,1.4
2006-05-19,8.128,5.0733,16.0,1.4
2006-05-20,0.381,5.5745,12.8,1.4
2006-05-21,1.524,5.7984,11.2,1.4
2006-05-22,3.81,5.7542,11.9,1.4
2006-05-23,1.27,5.5859,10.2,1.4
2006-05-24,0.508,5.2687,9.0,1.4
2006-05-25,1.651,4.9285,7.7,1.4
2006-05-26,0.635,4.6448,5.0,1.4
2006-05-27,4.3180000000000005,4.3017,2.9,1.4
2006-05-28,9.906,4.0405,4.2,1.4
2006-05-29,0.635,3.8435,5.4,1.4
2006-05-30,0.0,3.4537,6.7,1.4
2006-05-31,0.0,3.1842,7.8,1.4
2006-06-01,0.0,3.0359,11.3,1.3
2006-06-02,2.286,2.9617,14.0,1.3
2006-06-03,0.0,3.0125,11.9,1.3
2006-06-04,23.749,3.2510000000000003,7.8,1.3
2006-06-05,0.0,3.3914,8.1,1.3
2006-06-06,0.381,3.3505,9.6,1.3
2006-06-07,5.587999999999999,3.3168,12.8,1.3
2006-06-08,6.477,3.2841,12.4,1.3
2006-06-09,9.525,3.1912,11.4,1.3
2006-06-10,21.082,3.234,8.4,1.3
2006-06-11,1.778,3.3309,8.3,1.3
2006-06-12,0.381,3.2277,9.2,1.3
2006-06-13,8.636000000000001,3.1118,12.0,1.3
2006-06-14,7.3660000000000005,3.0632,12.2,1.3
2006-06-15,2.286,3.1589,8.1,1.3
2006-06-16,0.0,3.3201,8.4,1.3
2006-06-17,0.0,3.6487,7.6,1.3
2006-06-18,0.0,3.6767,9.1,1.3
2006-06-19,0.762,3.4025,9.4,1.3
2006-06-20,0.0,3.1115,6.7,1.3
2006-06-21,0.0,2.7224,8.9,1.3
2006-06-22,0.0,2.4504,10.0,1.3
2006-06-23,0.0,2.2037,10.5,1.3
2006-06-24,0.0,2.0046,13.3,1.3
2006-06-25,0.0,1.8346,15.2,1.3
2006-06-26,0.0,1.6671,18.2,1.3
2006-06-27,0.0,1.6039,18.5,1.3
2006-06-28,0.0,1.5963,18.6,1.3
2006-06-29,0.381,1.5227,16.7,1.3
2006-06-30,0.0,1.4965,15.9,1.3
2006-07-01,0.0,1.3279,16.2,1.0
2006-07-02,0.0,1.2503,16.1,1.0
2006-07-03,0.381,1.1487,18.2,1.0
2006-07-04,2.032,1.0684,17.8,1.0
2006-07-05,1.524,1.0323,17.6,1.0
2006-07-06,1.143,0.9740200000000001,17.0,1.0
2006-07-07,0.0,0.89607,13.4,1.0
2006-07-08,0.381,0.87479,14.0,1.0
2006-07-09,0.0,0.85703,16.6,1.0
2006-07-10,0.0,0.8477399999999999,14.4,1.0
2006-07-11,0.635,0.789,13.6,1.0
2006-07-12,0.254,0.7419600000000001,14.0,1.0
2006-07-13,0.0,0.71225,11.4,1.0
2006-07-14,0.0,0.68634,13.4,1.0
2006-07-15,0.0,0.66217,15.0,1.0
2006-07-16,0.0,0.63181,13.8,1.0
2006-07-17,0.0,0.5834,14.7,1.0
2006-07-18,0.0,0.57552,13.1,1.0
2006-07-19,0.0,0.54808,13.6,1.0
2006-07-20,0.0,0.50034,16.4,1.0
2006-07-21,0.0,0.4904600000000001,18.2,1.0
2006-07-22,0.0,0.46279,20.5,1.0
2006-07-23,0.0,0.44015,21.3,1.0
2006-07-24,0.0,0.4769600000000001,20.3,1.0
2006-07-25,0.0,0.48863,19.9,1.0
2006-07-26,0.0,0.4211,18.4,1.0
2006-07-27,0.0,0.45428,18.8,1.0
2006-07-28,0.0,0.40221,18.4,1.0
2006-07-29,0.0,0.37539,15.7,1.0
2006-07-30,0.0,0.35845,11.6,1.0
2006-07-31,0.0,0.33987,9.1,1.0
2006-08-01,0.0,0.32164,10.4,0.8
2006-08-02,0.0,0.30669,11.4,0.8
2006-08-03,0.0,0.29873,11.8,0.8
2006-08-04,0.0,0.33737,13.1,0.8
2006-08-05,0.0,0.29939,11.9,0.8
2006-08-06,0.0,0.27929,13.1,0.8
2006-08-07,0.0,0.27316,15.2,0.8
2006-08-08,0.0,0.27355,17.1,0.8
2006-08-09,0.0,0.27457,18.0,0.8
2006-08-10,0.254,0.27652,14.1,0.8
2006-08-11,0.0,0.28339000000000003,11.8,0.8
2006-08-12,0.0,0.26832,8.1,0.8
2006-08-13,0.0,0.25958000000000003,8.4,0.8
2006-08-14,0.0,0.25208,10.9,0.8
2006-08-15,0.381,0.24871999999999997,13.0,0.8
2006-08-16,3.048,0.24779,12.8,0.8
2006-08-17,0.0,0.24439,12.3,0.8
2006-08-18,0.0,0.24049,12.7,0.8
2006-08-19,0.0,0.2442,14.0,0.8
2006-08-20,0.381,0.24443,14.5,0.8
2006-08-21,0.0,0.2412300000000001,14.6,0.8
2006-08-22,0.0,0.23467,16.3,0.8
2006-08-23,0.0,0.22663000000000005,14.7,0.8
2006-08-24,0.0,0.22183000000000005,11.5,0.8
2006-08-25,0.0,0.21652,11.9,0.8
2006-08-26,0.0,0.21465,11.2,0.8
2006-08-27,0.381,0.22326999999999997,13.2,0.8
2006-08-28,0.0,0.22589,14.3,0.8
2006-08-29,0.0,0.22113000000000002,15.5,0.8
2006-08-30,6.477,0.21921999999999997,9.3,0.8
2006-08-31,0.0,0.21550999999999998,6.7,0.8
2006-09-01,0.0,0.20786,5.7,0.6
2006-09-02,0.0,0.21773,9.5,0.6
2006-09-03,0.0,0.21441,13.1,0.6
2006-09-04,0.0,0.21449000000000001,17.5,0.6
2006-09-05,0.0,0.21675999999999998,17.8,0.6
2006-09-06,0.0,0.20719,17.4,0.6
2006-09-07,0.0,0.20071,15.1,0.6
2006-09-08,0.0,0.19693,15.3,0.6
2006-09-09,0.0,0.18861,13.4,0.6
2006-09-10,0.0,0.18248,11.4,0.6
2006-09-11,0.0,0.18287,10.7,0.6
2006-09-12,0.0,0.18198,12.2,0.6
2006-09-13,0.762,0.17893,10.8,0.6
2006-09-14,1.905,0.17987,5.8,0.6
2006-09-15,1.524,0.18233,2.3,0.6
2006-09-16,1.524,0.19084,2.2,0.6
2006-09-17,0.0,0.19626,2.3,0.6
2006-09-18,2.4130000000000003,0.20317000000000002,3.7,0.6
2006-09-19,0.762,0.21004,5.8,0.6
2006-09-20,4.064,0.20938,4.5,0.6
2006-09-21,3.175,0.21636999999999998,4.7,0.6
2006-09-22,3.048,0.21746,4.8,0.6
2006-09-23,0.381,0.22339,4.1,0.6
2006-09-24,0.0,0.22765,6.0,0.6
2006-09-25,0.381,0.22757,7.3,0.6
2006-09-26,0.0,0.22671,9.3,0.6
2006-09-27,0.0,0.22999,10.2,0.6
2006-09-28,0.381,0.22416999999999998,10.5,0.6
2006-09-29,0.0,0.21725999999999998,11.8,0.6
2006-09-30,0.0,0.21578000000000008,10.9,0.6
2006-10-01,0.0,0.20419,7.9,0.4
2006-10-02,0.0,0.19735999999999998,4.3,0.4
2006-10-03,0.0,0.19626,4.8,0.4
2006-10-04,0.0,0.19907,6.1,0.4
2006-10-05,0.0,0.1972,7.3,0.4
2006-10-06,0.0,0.19602999999999998,6.2,0.4
2006-10-07,0.0,0.20153,4.1,0.4
2006-10-08,0.381,0.20106,1.3,0.4
2006-10-09,0.0,0.19619,1.3,0.4
2006-10-10,0.381,0.19767,1.9,0.4
2006-10-11,0.0,0.19989,5.5,0.4
2006-10-12,0.0,0.21081999999999998,4.8,0.4
2006-10-13,0.0,0.2147300000000001,5.0,0.4
2006-10-14,3.4290000000000003,0.21683000000000002,4.6,0.4
2006-10-15,12.954,0.22074000000000002,5.4,0.4
2006-10-16,10.541,0.24251999999999999,3.1,0.4
2006-10-17,0.381,0.24911999999999998,-0.8,0.4
2006-10-18,1.778,0.26375,-1.2,0.4
2006-10-19,1.651,0.26800999999999997,2.4,0.4
2006-10-20,3.048,0.26703000000000005,2.2,0.4
2006-10-21,0.381,0.26976,0.3,0.4
2006-10-22,0.381,0.27652,-1.2,0.4
2006-10-23,0.0,0.27991,1.0,0.4
2006-10-24,0.0,0.27332,0.0,0.4
2006-10-25,0.0,0.26387,0.4,0.4
2006-10-26,0.381,0.25431,-1.4,0.4
2006-10-27,0.0,0.24779,-0.5,0.4
2006-10-28,0.381,0.24181999999999998,1.7,0.4
2006-10-29,2.1590000000000003,0.2362,-2.2,0.4
2006-10-30,0.381,0.23056999999999997,-9.5,0.4
2006-10-31,0.0,0.2237,-17.2,0.4
2006-11-01,0.381,0.33144,-18.1,0.2
2006-11-02,8.001,0.32695,-10.4,0.2
2006-11-03,1.905,0.33936,-2.8,0.2
2006-11-04,9.779000000000002,0.3547,0.3,0.2
2006-11-05,7.366,0.39928,3.0,0.2
2006-11-06,9.779,0.50697,4.2,0.2
2006-11-07,12.827,0.78478,8.6,0.2
2006-11-08,0.0,1.1939,1.6,0.2
2006-11-09,0.381,1.9741,-1.9,0.2
2006-11-10,14.732000000000001,2.3651,-2.5,0.2
2006-11-11,3.429,1.9535,-1.6,0.2
2006-11-12,11.049,1.5933,-3.0,0.2
2006-11-13,3.048,1.3646,-2.3,0.2
2006-11-14,0.762,1.1962,-4.5,0.2
2006-11-15,3.429,1.0828,-4.3,0.2
2006-11-16,0.381,1.0043,-0.4,0.2
2006-11-17,0.0,0.9668,-4.4,0.2
2006-11-18,0.0,0.8929,-4.9,0.2
2006-11-19,10.033,0.86335,-3.7,0.2
2006-11-20,2.794,0.85141,0.7,0.2
2006-11-21,3.1750000000000003,0.8342,-0.6,0.2
2006-11-22,19.05,0.8658100000000001,-2.3,0.2
2006-11-23,8.001,0.8906,-2.5,0.2
2006-11-24,3.429,0.8865799999999999,-5.0,0.2
2006-11-25,1.524,0.84267,-11.8,0.2
2006-11-26,9.906,0.8448100000000001,-17.0,0.2
2006-11-27,0.0,0.80035,-22.2,0.2
2006-11-28,0.381,0.72853,-23.2,0.2
2006-11-29,2.667,0.6836,-29.3,0.2
2006-11-30,1.905,0.63622,-13.7,0.2
2006-12-01,0.381,0.6151800000000001,-12.3,0.3
2006-12-02,0.0,0.59101,-15.1,0.3
2006-12-03,0.381,0.5784100000000001,-11.0,0.3
2006-12-04,1.143,0.5763,-9.4,0.3
2006-12-05,0.0,0.5731,-6.2,0.3
2006-12-06,0.381,0.55588,-5.4,0.3
2006-12-07,1.143,0.54956,-4.5,0.3
2006-12-08,0.0,0.53754,-3.9,0.3
2006-12-09,2.286,0.5213399999999999,-2.4,0.3
2006-12-10,1.524,0.50537,-1.2,0.3
2006-12-11,4.191,0.5108,-0.9,0.3
2006-12-12,8.89,0.506,-1.0,0.3
2006-12-13,8.128,0.54456,-2.4,0.3
2006-12-14,12.7,0.5526800000000001,-3.7,0.3
2006-12-15,1.905,0.60288,-3.1,0.3
2006-12-16,0.381,0.59972,-9.3,0.3
2006-12-17,0.0,0.5766899999999999,-12.5,0.3
2006-12-18,0.0,0.51642,-13.0,0.3
2006-12-19,0.381,0.44959,-11.9,0.3
2006-12-20,2.4130000000000003,0.40939000000000003,-11.1,0.3
2006-12-21,0.254,0.40431,-6.7,0.3
2006-12-22,3.556,0.43945,-6.3,0.3
2006-12-23,1.524,0.43799999999999994,-7.1,0.3
2006-12-24,2.9210000000000003,0.47134,-7.0,0.3
2006-12-25,8.128,0.47079,-4.4,0.3
2006-12-26,10.922,0.48312,-8.3,0.3
2006-12-27,3.175,0.48184,-2.5,0.3
2006-12-28,0.0,0.48672,-7.7,0.3
2006-12-29,0.0,0.48539,-19.6,0.3
2006-12-30,0.0,0.46798,-15.5,0.3
2006-12-31,0.0,0.43492,-13.8,0.3
2007-01-01,0.381,0.39897,-11.2,0.6
2007-01-02,4.8260000000000005,0.41345,-3.5,0.6
2007-01-03,7.239000000000001,0.44588999999999995,-0.6,0.6
2007-01-04,1.524,0.47251000000000004,-3.8,0.6
2007-01-05,1.778,0.50592,-8.7,0.6
2007-01-06,2.6670000000000003,0.50229,-6.9,0.6
2007-01-07,2.667,0.49612,-9.0,0.6
2007-01-08,0.0,0.48941,-7.1,0.6
2007-01-09,0.0,0.47102,-6.9,0.6
2007-01-10,2.286,0.46962,-6.5,0.6
2007-01-11,0.0,0.44382,-20.6,0.6
2007-01-12,0.0,0.42308999999999997,-32.8,0.6
2007-01-13,0.254,0.401,-26.3,0.6
2007-01-14,0.0,0.38593,-20.2,0.6
2007-01-15,0.0,0.37129,-16.7,0.6
2007-01-16,1.016,0.38261,-16.1,0.6
2007-01-17,0.0,0.38378,-11.2,0.6
2007-01-18,2.667,0.41353,-13.6,0.6
2007-01-19,1.905,0.4204,-7.8,0.6
2007-01-20,3.937,0.43023,-4.2,0.6
2007-01-21,0.0,0.4376100000000001,-12.3,0.6
2007-01-22,0.762,0.4335100000000001,-7.8,0.6
2007-01-23,2.54,0.43012,-2.3,0.6
2007-01-24,0.0,0.43176000000000003,-0.3,0.6
2007-01-25,0.0,0.41411000000000003,-3.9,0.6
2007-01-26,0.0,0.41302,-4.8,0.6
2007-01-27,0.0,0.3821,-11.4,0.6
2007-01-28,0.254,0.3679,-10.1,0.6
2007-01-29,1.016,0.3453,-9.8,0.6
2007-01-30,1.524,0.32765,-13.1,0.6
2007-01-31,1.905,0.32874000000000003,-10.0,0.6
2007-02-01,1.524,0.35053,-10.6,1.9
2007-02-02,0.0,0.33128,-13.4,1.9
2007-02-03,3.048,0.30958,-12.3,1.9
2007-02-04,0.762,0.31715,-8.3,1.9
2007-02-05,0.381,0.307,-2.7,1.9
2007-02-06,0.762,0.31934,-1.1,1.9
2007-02-07,0.254,0.3387,-6.3,1.9
2007-02-08,0.762,0.33796,-9.7,1.9
2007-02-09,3.175,0.35615,-11.1,1.9
2007-02-10,0.762,0.36891,-6.3,1.9
2007-02-11,7.366,0.36477,-4.6,1.9
2007-02-12,0.762,0.40014,-14.2,1.9
2007-02-13,0.762,0.38488,-14.0,1.9
2007-02-14,8.254999999999999,0.39428,-8.9,1.9
2007-02-15,4.191,0.39452,-3.7,1.9
2007-02-16,0.0,0.36766,-2.3,1.9
2007-02-17,0.0,0.40467,-2.5,1.9
2007-02-18,4.064,0.44702,-0.7,1.9
2007-02-19,1.905,0.44885,-5.4,1.9
2007-02-20,3.048,0.46173000000000003,-2.6,1.9
2007-02-21,2.7939999999999996,0.47203999999999996,-6.7,1.9
2007-02-22,1.3969999999999998,0.47817,-9.3,1.9
2007-02-23,1.778,0.47653,-6.4,1.9
2007-02-24,9.906,0.47372,-7.3,1.9
2007-02-25,2.1590000000000003,0.47948999999999997,-5.6,1.9
2007-02-26,2.286,0.46438999999999997,-6.4,1.9
2007-02-27,2.032,0.4542,-9.8,1.9
2007-02-28,1.016,0.45147,-14.7,1.9
2007-03-01,0.0,0.41388,-7.7,2.4
2007-03-02,0.254,0.38792,-11.1,2.4
2007-03-03,0.254,0.38006999999999996,-7.2,2.4
2007-03-04,1.143,0.37765,-2.3,2.4
2007-03-05,0.381,0.37456999999999996,-0.1,2.4
2007-03-06,0.0,0.36544,-0.1,2.4
2007-03-07,0.254,0.38523,0.0,2.4
2007-03-08,0.381,0.42136999999999997,-0.6,2.4
2007-03-09,0.381,0.46653,-2.0,2.4
2007-03-10,0.381,0.49886,-0.8,2.4
2007-03-11,0.635,0.5975699999999999,1.3,2.4
2007-03-12,2.6670000000000003,0.8623799999999999,6.0,2.4
2007-03-13,0.0,1.2076,-0.5,2.4
2007-03-14,0.762,1.3717,-5.7,2.4
2007-03-15,4.699000000000002,1.5259,-11.1,2.4
2007-03-16,0.762,1.516,-2.5,2.4
2007-03-17,0.0,1.385,0.0,2.4
2007-03-18,0.381,1.3789,2.7,2.4
2007-03-19,5.587999999999999,1.4473,1.8,2.4
2007-03-20,0.762,1.6251,1.9,2.4
2007-03-21,0.889,1.8465,-3.7,2.4
2007-03-22,1.778,1.8559999999999999,-2.0,2.4
2007-03-23,0.635,1.7526,0.5,2.4
2007-03-24,5.334,1.827,2.8,2.4
2007-03-25,3.937,2.0891,3.6,2.4
2007-03-26,2.9210000000000003,2.2712,-0.7,2.4
2007-03-27,2.032,2.3649,-0.4,2.4
2007-03-28,0.0,2.4009,-0.8,2.4
2007-03-29,0.0,2.2457,-2.8,2.4
2007-03-30,0.381,2.1087,-2.8,2.4
2007-03-31,0.381,1.9896,1.4,2.4
2007-04-01,0.762,1.6721,-0.2,1.8
2007-04-02,0.0,1.5619999999999998,-5.7,1.8
2007-04-03,1.016,1.5086,-7.8,1.8
2007-04-04,1.016,1.4066,-6.2,1.8
2007-04-05,0.0,1.3494,-5.2,1.8
2007-04-06,0.0,1.2691,-4.3,1.8
2007-04-07,0.0,1.2282,-1.5,1.8
2007-04-08,4.3180000000000005,1.2192,1.3,1.8
2007-04-09,1.778,1.2752,3.1,1.8
2007-04-10,2.286,1.3074,-0.4,1.8
2007-04-11,2.6670000000000003,1.3596,-0.7,1.8
2007-04-12,0.762,1.3555,-0.7,1.8
2007-04-13,4.699000000000002,1.3303,-1.1,1.8
2007-04-14,0.254,1.2889,1.8,1.8
2007-04-15,0.0,1.2713,1.8,1.8
2007-04-16,0.0,1.2683,0.9,1.8
2007-04-17,1.143,1.2571,1.3,1.8
2007-04-18,1.905,1.285,0.6,1.8
2007-04-19,1.524,1.3328,0.1,1.8
2007-04-20,1.524,1.3437,0.4,1.8
2007-04-21,1.651,1.3407,-1.0,1.8
2007-04-22,0.0,1.3008,1.9,1.8
2007-04-23,0.0,1.2549,3.5,1.8
2007-04-24,0.0,1.2511,5.2,1.8
2007-04-25,0.254,1.2813,4.7,1.8
2007-04-26,0.0,1.3735,3.3,1.8
2007-04-27,0.0,1.4521,3.9,1.8
2007-04-28,0.0,1.588,6.5,1.8
2007-04-29,0.0,1.6997,4.8,1.8
2007-04-30,0.0,1.851,2.9,1.8
2007-05-01,4.3180000000000005,2.0913,4.8,1.4
2007-05-02,1.778,2.2774,4.7,1.4
2007-05-03,4.572,2.5205,4.0,1.4
2007-05-04,0.381,2.7325,0.6,1.4
2007-05-05,0.0,2.8357,1.6,1.4
2007-05-06,0.381,2.6206,3.3,1.4
2007-05-07,0.0,2.3647,7.3,1.4
2007-05-08,0.0,2.1879,9.9,1.4
2007-05-09,0.0,2.2158,9.8,1.4
2007-05-10,0.0,2.3793,7.4,1.4
2007-05-11,0.0,2.719,8.5,1.4
2007-05-12,0.0,3.0814,10.0,1.4
2007-05-13,0.0,3.2901,8.0,1.4
2007-05-14,0.0,3.3727,5.1,1.4
2007-05-15,0.0,3.3458,7.6,1.4
2007-05-16,0.0,3.161,5.5,1.4
2007-05-17,0.0,2.9982,12.0,1.4
2007-05-18,2.032,3.0810000000000004,11.6,1.4
2007-05-19,0.0,3.094,9.2,1.4
2007-05-20,5.8420000000000005,3.199,4.6,1.4
2007-05-21,25.4,3.1522,3.6,1.4
2007-05-22,5.334,2.9469,3.5,1.4
2007-05-23,0.381,2.7302,3.7,1.4
2007-05-24,2.286,2.5421,2.8,1.4
2007-05-25,2.286,2.3411,1.1,1.4
2007-05-26,0.762,2.1174,2.9,1.4
2007-05-27,3.302,2.0439,7.4,1.4
2007-05-28,1.524,2.0422,6.6,1.4
2007-05-29,0.381,2.0202,6.9,1.4
2007-05-30,0.0,2.0849,9.0,1.4
2007-05-31,0.0,2.0905,11.5,1.4
2007-06-01,0.0,2.1002,14.3,1.3
2007-06-02,0.0,2.1562,15.5,1.3
2007-06-03,0.0,2.2404,16.7,1.3
2007-06-04,9.398,2.3393,17.0,1.3
2007-06-05,1.143,2.4798,14.4,1.3
2007-06-06,3.81,2.546,8.4,1.3
2007-06-07,0.381,2.5881,6.0,1.3
2007-06-08,0.0,2.6017,6.9,1.3
2007-06-09,3.302,2.506,9.5,1.3
2007-06-10,0.0,2.309,9.4,1.3
2007-06-11,0.0,2.1434,8.8,1.3
2007-06-12,0.0,2.0754,5.7,1.3
2007-06-13,0.0,2.0359,7.6,1.3
2007-06-14,0.0,1.9635,6.6,1.3
2007-06-15,0.0,1.8347,6.5,1.3
2007-06-16,1.016,1.7434,9.9,1.3
2007-06-17,0.381,1.6399,5.9,1.3
2007-06-18,0.381,1.5491,5.7,1.3
2007-06-19,0.0,1.5246,8.7,1.3
2007-06-20,0.0,1.4433,12.4,1.3
2007-06-21,0.0,1.3672,14.5,1.3
2007-06-22,0.0,1.3224,13.7,1.3
2007-06-23,0.0,1.3156,12.0,1.3
2007-06-24,0.0,1.2747,9.1,1.3
2007-06-25,0.762,1.2568,5.8,1.3
2007-06-26,0.0,1.2211,7.3,1.3
2007-06-27,0.381,1.1375,13.1,1.3
2007-06-28,3.556,1.0805,17.1,1.3
2007-06-29,0.0,1.0026,15.5,1.3
2007-06-30,0.0,0.94142,11.3,1.3
2007-07-01,0.508,0.9134,9.9,1.0
2007-07-02,0.0,0.8639,13.4,1.0
2007-07-03,0.0,0.8443799999999999,14.8,1.0
2007-07-04,0.0,0.8041,16.9,1.0
2007-07-05,0.0,0.76358,17.9,1.0
2007-07-06,0.0,0.73728,20.2,1.0
2007-07-07,0.0,0.71397,18.2,1.0
2007-07-08,0.0,0.68774,16.1,1.0
2007-07-09,0.0,0.6550699999999999,15.6,1.0
2007-07-10,0.0,0.6147100000000001,15.1,1.0
2007-07-11,0.0,0.5855100000000001,17.7,1.0
2007-07-12,0.0,0.55081,20.2,1.0
2007-07-13,1.27,0.52918,21.3,1.0
2007-07-14,0.0,0.506,21.8,1.0
2007-07-15,0.0,0.48285,22.0,1.0
2007-07-16,0.0,0.47403,20.0,1.0
2007-07-17,1.905,0.45903999999999995,20.1,1.0
2007-07-18,5.968999999999999,0.45287,21.8,1.0
2007-07-19,3.048,0.44952,17.7,1.0
2007-07-20,0.0,0.43386,14.3,1.0
2007-07-21,0.0,0.42266000000000004,15.5,1.0
2007-07-22,0.0,0.41497,16.3,1.0
2007-07-23,0.254,0.40529,19.7,1.0
2007-07-24,0.0,0.39361999999999997,19.5,1.0
2007-07-25,0.0,0.37988,16.1,1.0
2007-07-26,0.0,0.37121,17.0,1.0
2007-07-27,0.0,0.36345,18.8,1.0
2007-07-28,0.0,0.35435,19.1,1.0
2007-07-29,0.0,0.34042,17.5,1.0
2007-07-30,0.0,0.32629,16.8,1.0
2007-07-31,0.0,0.3177,13.9,1.0
2007-08-01,0.0,0.29986,15.2,0.8
2007-08-02,0.0,0.28218000000000004,17.5,0.8
2007-08-03,0.0,0.26489,17.1,0.8
2007-08-04,0.0,0.25571,13.2,0.8
2007-08-05,0.0,0.24731999999999998,14.8,0.8
2007-08-06,0.0,0.23417,14.4,0.8
2007-08-07,0.0,0.22901,14.8,0.8
2007-08-08,0.0,0.22326999999999997,10.9,0.8
2007-08-09,0.0,0.21734,13.2,0.8
2007-08-10,0.381,0.20848000000000005,11.9,0.8
2007-08-11,0.381,0.20594,8.6,0.8
2007-08-12,0.0,0.2029,13.1,0.8
2007-08-13,0.0,0.19935,12.4,0.8
2007-08-14,0.0,0.19724,13.9,0.8
2007-08-15,0.0,0.19529000000000002,16.1,0.8
2007-08-16,0.0,0.18963,16.9,0.8
2007-08-17,0.0,0.18487,18.1,0.8
2007-08-18,9.398,0.17452,13.8,0.8
2007-08-19,0.254,0.1776,11.8,0.8
2007-08-20,1.651,0.18889,8.9,0.8
2007-08-21,0.762,0.19533,9.6,0.8
2007-08-22,0.0,0.1981,9.5,0.8
2007-08-23,0.762,0.19735999999999998,12.1,0.8
2007-08-24,0.0,0.19552,11.0,0.8
2007-08-25,0.0,0.19111,14.1,0.8
2007-08-26,0.0,0.18959,10.9,0.8
2007-08-27,0.0,0.18729,7.7,0.8
2007-08-28,0.0,0.18241,7.1,0.8
2007-08-29,0.0,0.18042,10.4,0.8
2007-08-30,0.254,0.17952,11.3,0.8
2007-08-31,4.064,0.17800000000000002,15.0,0.8
2007-09-01,0.0,0.16012,13.0,0.6
2007-09-02,0.0,0.15780999999999998,10.5,0.6
2007-09-03,0.0,0.16129000000000002,12.9,0.6
2007-09-04,0.0,0.16285,14.4,0.6
2007-09-05,0.0,0.16047,13.9,0.6
2007-09-06,0.0,0.15372,11.8,0.6
2007-09-07,1.143,0.14735,6.9,0.6
2007-09-08,0.0,0.14103,5.9,0.6
2007-09-09,0.0,0.13955,5.8,0.6
2007-09-10,0.0,0.14232,8.1,0.6
2007-09-11,0.0,0.14778,11.4,0.6
2007-09-12,0.0,0.14895,9.7,0.6
2007-09-13,0.0,0.14653,6.7,0.6
2007-09-14,0.381,0.14322000000000001,8.0,0.6
2007-09-15,0.0,0.14267,11.1,0.6
2007-09-16,0.0,0.14110999999999999,11.0,0.6
2007-09-17,0.0,0.14193,8.4,0.6
2007-09-18,3.048,0.14177,3.3,0.6
2007-09-19,0.635,0.14689000000000002,4.7,0.6
2007-09-20,1.524,0.15059,1.4,0.6
2007-09-21,0.0,0.15578,2.7,0.6
2007-09-22,1.524,0.16102,4.2,0.6
2007-09-23,4.953,0.17093,3.4,0.6
2007-09-24,0.0,0.17928,0.8,0.6
2007-09-25,0.762,0.18139,2.8,0.6
2007-09-26,0.0,0.18877,4.0,0.6
2007-09-27,0.762,0.19888,5.2,0.6
2007-09-28,2.286,0.19669,7.0,0.6
2007-09-29,0.762,0.19638,3.8,0.6
2007-09-30,9.144,0.19244,1.3,0.6
2007-10-01,1.016,0.2147300000000001,3.4,0.4
2007-10-02,9.271,0.22983,2.8,0.4
2007-10-03,4.064,0.25173,2.7,0.4
2007-10-04,6.604,0.26254,1.0,0.4
2007-10-05,2.286,0.26816,0.3,0.4
2007-10-06,0.0,0.26621,-1.0,0.4
2007-10-07,0.762,0.26528,1.2,0.4
2007-10-08,0.0,0.25801999999999997,5.1,0.4
2007-10-09,1.3969999999999998,0.25075,5.7,0.4
2007-10-10,0.762,0.24088,8.1,0.4
2007-10-11,0.0,0.23983000000000002,5.2,0.4
2007-10-12,0.0,0.24189000000000002,3.3,0.4
2007-10-13,0.0,0.2412300000000001,2.9,0.4
2007-10-14,0.0,0.24711999999999998,2.9,0.4
2007-10-15,1.016,0.27094,3.4,0.4
2007-10-16,0.762,0.30329,2.8,0.4
2007-10-17,1.778,0.30669,1.5,0.4
2007-10-18,3.4290000000000003,0.30673,0.7,0.4
2007-10-19,6.222999999999999,0.31305,1.9,0.4
2007-10-20,2.794,0.31625,0.3,0.4
2007-10-21,0.889,0.33425,-0.3,0.4
2007-10-22,0.762,0.33597,0.3,0.4
2007-10-23,0.0,0.34034000000000003,3.9,0.4
2007-10-24,0.0,0.33409,8.1,0.4
2007-10-25,0.0,0.33764,3.2,0.4
2007-10-26,0.0,0.31649,-1.7,0.4
2007-10-27,0.0,0.32859,-2.7,0.4
2007-10-28,0.0,0.33326999999999996,-1.0,0.4
2007-10-29,0.0,0.33546,0.8,0.4
2007-10-30,0.0,0.33398,0.5,0.4
2007-10-31,0.0,0.33202,-2.1,0.4
2007-11-01,0.0,0.34588,-1.9,0.2
2007-11-02,0.0,0.33023,-5.0,0.2
2007-11-03,0.762,0.31493000000000004,-3.4,0.2
2007-11-04,0.381,0.30415,2.5,0.2
2007-11-05,0.381,0.29756,-2.1,0.2
2007-11-06,2.286,0.29377,-1.6,0.2
2007-11-07,4.445,0.29381,0.6,0.2
2007-11-08,2.032,0.29147,1.6,0.2
2007-11-09,0.0,0.28885,2.5,0.2
2007-11-10,5.334,0.28538,2.2,0.2
2007-11-11,0.0,0.28347,-2.3,0.2
2007-11-12,7.873999999999999,0.29536999999999997,-1.5,0.2
2007-11-13,0.0,0.30817,-2.5,0.2
2007-11-14,0.635,0.30746999999999997,-5.0,0.2
2007-11-15,4.064,0.307,-3.0,0.2
2007-11-16,1.905,0.31739,0.2,0.2
2007-11-17,10.668,0.32277,1.2,0.2
2007-11-18,0.0,0.33304,-0.8,0.2
2007-11-19,0.381,0.35416,-4.6,0.2
2007-11-20,0.381,0.37995999999999996,-8.6,0.2
2007-11-21,0.0,0.38214000000000004,-9.6,0.2
2007-11-22,0.0,0.36141999999999996,-15.2,0.2
2007-11-23,0.381,0.33526,-14.7,0.2
2007-11-24,0.381,0.30685,-9.1,0.2
2007-11-25,0.0,0.2821,-9.2,0.2
2007-11-26,3.4290000000000003,0.27031,-8.9,0.2
2007-11-27,1.143,0.26309,-7.2,0.2
2007-11-28,3.175,0.26559,-8.2,0.2
2007-11-29,0.508,0.27257,-12.3,0.2
2007-11-30,0.0,0.27499,-16.9,0.2
2007-12-01,2.7939999999999996,0.31676,-18.6,0.3
2007-12-02,23.749,0.35548,-11.6,0.3
2007-12-03,26.796999999999997,0.41528000000000004,-1.5,0.3
2007-12-04,3.429,0.44393,0.1,0.3
2007-12-05,0.0,0.48972,-0.4,0.3
2007-12-06,0.0,0.52587,-3.7,0.3
2007-12-07,0.0,0.5351199999999999,-10.0,0.3
2007-12-08,1.524,0.50565,-13.3,0.3
2007-12-09,4.064,0.47208,-15.6,0.3
2007-12-10,0.762,0.4316,-11.1,0.3
2007-12-11,1.524,0.40314,-11.9,0.3
2007-12-12,0.762,0.37929,-10.2,0.3
2007-12-13,2.54,0.39077,-10.7,0.3
2007-12-14,2.667,0.38253000000000004,-10.8,0.3
2007-12-15,2.286,0.38558000000000003,-6.9,0.3
2007-12-16,2.9210000000000003,0.38167,-5.1,0.3
2007-12-17,2.9210000000000003,0.39104,-4.5,0.3
2007-12-18,6.476999999999999,0.39783,-6.2,0.3
2007-12-19,13.081,0.40104,-2.4,0.3
2007-12-20,2.1590000000000003,0.41173000000000004,-2.3,0.3
2007-12-21,0.0,0.39389,-15.3,0.3
2007-12-22,3.302,0.37617,-10.2,0.3
2007-12-23,9.906,0.36785999999999996,-6.4,0.3
2007-12-24,1.524,0.36286,-4.2,0.3
2007-12-25,3.302,0.35126999999999997,-7.0,0.3
2007-12-26,1.143,0.35681,-8.3,0.3
2007-12-27,4.3180000000000005,0.35818,-10.8,0.3
2007-12-28,1.143,0.35197,-9.1,0.3
2007-12-29,1.651,0.34143,-6.8,0.3
2007-12-30,2.286,0.33491,-8.3,0.3
2007-12-31,1.143,0.3346,-8.9,0.3
2008-01-01,0.0,0.34003,-13.0,0.6
2008-01-02,2.286,0.33538,-10.8,0.6
2008-01-03,1.3969999999999998,0.33205999999999997,-3.2,0.6
2008-01-04,4.191,0.33874,-1.3,0.6
2008-01-05,1.143,0.35435,-1.4,0.6
2008-01-06,4.572,0.36321,-6.1,0.6
2008-01-07,3.175,0.3752,-9.7,0.6
2008-01-08,14.859000000000002,0.36399000000000004,-10.2,0.6
2008-01-09,0.254,0.35006,-8.0,0.6
2008-01-10,3.81,0.32789,-6.8,0.6
2008-01-11,0.381,0.34276,-4.2,0.6
2008-01-12,1.905,0.34569,-3.2,0.6
2008-01-13,0.0,0.31758000000000003,-3.1,0.6
2008-01-14,2.286,0.31395,-4.3,0.6
2008-01-15,1.905,0.30244,-5.8,0.6
2008-01-16,0.0,0.27913000000000004,-22.0,0.6
2008-01-17,1.143,0.27726,-12.4,0.6
2008-01-18,0.508,0.27468000000000004,-9.3,0.6
2008-01-19,5.715,0.27418000000000003,-7.3,0.6
2008-01-20,1.651,0.27105,-15.7,0.6
2008-01-21,0.0,0.25837,-21.0,0.6
2008-01-22,0.381,0.26543,-14.5,0.6
2008-01-23,0.381,0.25544,-13.3,0.6
2008-01-24,0.0,0.25954,-17.3,0.6
2008-01-25,6.096,0.26106,-14.3,0.6
2008-01-26,22.47900000000001,0.26937,-9.3,0.6
2008-01-27,3.81,0.28425,-3.1,0.6
2008-01-28,1.778,0.2956,-23.0,0.6
2008-01-29,3.81,0.31758000000000003,-24.5,0.6
2008-01-30,4.064,0.325,-8.7,0.6
2008-01-31,5.08,0.33792,-7.0,0.6
2008-02-01,2.286,0.30294,-7.8,1.9
2008-02-02,2.032,0.28581,-7.8,1.9
2008-02-03,0.0,0.29424,-13.7,1.9
2008-02-04,3.048,0.2862,-14.5,1.9
2008-02-05,1.143,0.27652,-9.5,1.9
2008-02-06,16.256,0.27008000000000004,-6.5,1.9
2008-02-07,3.81,0.27254,-6.2,1.9
2008-02-08,3.429,0.27714,-4.7,1.9
2008-02-09,2.6670000000000003,0.28815,-11.7,1.9
2008-02-10,3.81,0.28296,-5.7,1.9
2008-02-11,1.143,0.2812,-3.1,1.9
2008-02-12,3.302,0.28542,-3.4,1.9
2008-02-13,3.048,0.29381,-2.1,1.9
2008-02-14,0.0,0.30544,-12.3,1.9
2008-02-15,3.937,0.304,-4.0,1.9
2008-02-16,1.524,0.29155,-3.4,1.9
2008-02-17,0.0,0.28144,-9.3,1.9
2008-02-18,0.0,0.30357,-6.3,1.9
2008-02-19,0.0,0.30439,-5.4,1.9
2008-02-20,0.0,0.29502,-4.1,1.9
2008-02-21,0.0,0.28202,-3.0,1.9
2008-02-22,0.0,0.27535,-1.9,1.9
2008-02-23,0.762,0.27425,-0.5,1.9
2008-02-24,0.381,0.28397,-1.2,1.9
2008-02-25,0.0,0.2837,-3.8,1.9
2008-02-26,0.0,0.28592,-2.7,1.9
2008-02-27,0.0,0.28315,-1.1,1.9
2008-02-28,1.524,0.28838,-1.7,1.9
2008-02-29,1.016,0.29291,-1.1,1.9
2008-03-01,0.762,0.34697,0.0,2.4
2008-03-02,0.0,0.3517,-3.7,2.4
2008-03-03,1.143,0.35946,-4.4,2.4
2008-03-04,1.524,0.36048,-3.6,2.4
2008-03-05,0.0,0.35982,-6.5,2.4
2008-03-06,0.0,0.35962,-3.9,2.4
2008-03-07,1.778,0.35677,-2.6,2.4
2008-03-08,0.254,0.35275,-0.5,2.4
2008-03-09,0.0,0.34764,-0.4,2.4
2008-03-10,5.334,0.34768000000000004,-0.1,2.4
2008-03-11,2.286,0.35974,0.8,2.4
2008-03-12,1.905,0.37922,-2.1,2.4
2008-03-13,2.54,0.38679,-3.0,2.4
2008-03-14,8.382,0.39057,-3.1,2.4
2008-03-15,0.762,0.40092,-2.8,2.4
2008-03-16,0.0,0.41107,-4.3,2.4
2008-03-17,1.651,0.3919,-2.9,2.4
2008-03-18,3.048,0.38843,-2.1,2.4
2008-03-19,3.556,0.38386,-4.2,2.4
2008-03-20,2.667,0.37683,-5.6,2.4
2008-03-21,0.762,0.37531,-3.8,2.4
2008-03-22,0.381,0.36633000000000004,-3.5,2.4
2008-03-23,5.08,0.3832,-7.0,2.4
2008-03-24,0.381,0.4046300000000001,-4.0,2.4
2008-03-25,2.286,0.39604,-7.3,2.4
2008-03-26,3.81,0.38769000000000003,-7.4,2.4
2008-03-27,1.651,0.38761,-4.3,2.4
2008-03-28,3.302,0.38316,-6.1,2.4
2008-03-29,4.8260000000000005,0.38773,-5.6,2.4
2008-03-30,5.715,0.38495,-6.0,2.4
2008-03-31,0.254,0.3775,-14.1,2.4
2008-04-01,0.0,0.34904,-7.2,1.8
2008-04-02,0.0,0.32785,-5.6,1.8
2008-04-03,0.0,0.32308000000000003,-3.0,1.8
2008-04-04,5.08,0.32465,-0.8,1.8
2008-04-05,6.984999999999999,0.32835,-2.2,1.8
2008-04-06,2.286,0.32683,-1.8,1.8
2008-04-07,0.254,0.34381,-0.8,1.8
2008-04-08,2.286,0.3558,-1.6,1.8
2008-04-09,0.0,0.35236,-2.1,1.8
2008-04-10,0.0,0.36516,-1.6,1.8
2008-04-11,0.0,0.36025,-1.5,1.8
2008-04-12,0.0,0.38311999999999996,1.7,1.8
2008-04-13,8.636000000000001,0.42715,4.2,1.8
2008-04-14,0.381,0.55382,5.9,1.8
2008-04-15,0.381,0.6583100000000001,-0.2,1.8
2008-04-16,0.381,0.72869,-3.6,1.8
2008-04-17,0.381,0.81542,0.0,1.8
2008-04-18,0.254,0.86718,0.9,1.8
2008-04-19,0.762,0.8826799999999999,-7.1,1.8
2008-04-20,2.1590000000000003,0.84204,-9.5,1.8
2008-04-21,3.4290000000000003,0.83506,-7.4,1.8
2008-04-22,1.651,0.81523,-6.7,1.8
2008-04-23,4.572,0.78447,-4.8,1.8
2008-04-24,0.635,0.77166,-2.2,1.8
2008-04-25,1.905,0.75484,-1.9,1.8
2008-04-26,0.0,0.73852,-2.7,1.8
2008-04-27,0.0,0.75195,1.2,1.8
2008-04-28,0.508,0.7459,3.5,1.8
2008-04-29,0.0,0.9125,4.6,1.8
2008-04-30,3.048,1.0203,0.2,1.8
2008-05-01,0.0,1.1158,0.1,1.4
2008-05-02,0.0,1.1873,2.3,1.4
2008-05-03,0.0,1.2312,3.1,1.4
2008-05-04,0.0,1.2998,6.3,1.4
2008-05-05,0.381,1.4228,7.2,1.4
2008-05-06,0.508,1.7004,5.7,1.4
2008-05-07,1.524,2.0521,4.8,1.4
2008-05-08,0.0,2.3625,2.9,1.4
2008-05-09,1.143,2.4618,1.6,1.4
2008-05-10,1.016,2.4559,2.0,1.4
2008-05-11,1.651,2.3803,2.4,1.4
2008-05-12,4.572,2.3199,3.5,1.4
2008-05-13,1.778,2.2714,3.1,1.4
2008-05-14,0.0,2.2477,4.9,1.4
2008-05-15,0.0,2.2897,8.8,1.4
2008-05-16,0.0,2.5925,12.1,1.4
2008-05-17,0.0,3.27,14.3,1.4
2008-05-18,0.0,4.3128,16.1,1.4
2008-05-19,12.446,5.5357,12.6,1.4
2008-05-20,3.048,6.581,10.5,1.4
2008-05-21,4.064,6.9858,5.7,1.4
2008-05-22,8.762999999999998,6.8333,4.4,1.4
2008-05-23,16.002,6.2056,4.1,1.4
2008-05-24,7.873999999999999,5.6646,5.9,1.4
2008-05-25,5.715,5.3629999999999995,8.0,1.4
2008-05-26,2.6670000000000003,5.2444,6.3,1.4
2008-05-27,0.381,5.1261,5.8,1.4
2008-05-28,0.0,4.8796,8.8,1.4
2008-05-29,0.762,4.739,9.9,1.4
2008-05-30,0.0,4.6924,11.1,1.4
2008-05-31,0.762,4.7781,11.3,1.4
2008-06-01,4.191,4.7205,9.4,1.3
2008-06-02,0.762,4.8326,8.0,1.3
2008-06-03,6.223,4.7692,6.1,1.3
2008-06-04,0.762,4.6676,7.7,1.3
2008-06-05,0.508,4.3922,7.6,1.3
2008-06-06,3.048,4.208,4.6,1.3
2008-06-07,6.223000000000001,3.9019999999999997,3.9,1.3
2008-06-08,0.762,3.6277,4.9,1.3
2008-06-09,2.1590000000000003,3.4321,5.3,1.3
2008-06-10,6.223000000000001,3.3051,3.8,1.3
2008-06-11,15.620999999999999,3.1519999999999997,4.7,1.3
2008-06-12,5.3340000000000005,3.0826,6.4,1.3
2008-06-13,0.0,3.0365,9.3,1.3
2008-06-14,0.0,3.1118,8.1,1.3
2008-06-15,0.0,3.1766,8.9,1.3
2008-06-16,0.0,3.3691,11.0,1.3
2008-06-17,0.0,3.5316,11.7,1.3
2008-06-18,0.0,3.6863,10.1,1.3
2008-06-19,0.0,3.807,8.9,1.3
2008-06-20,0.0,3.7129,10.7,1.3
2008-06-21,6.096,3.5685,14.7,1.3
2008-06-22,0.0,3.5494,12.6,1.3
2008-06-23,0.381,3.6742,11.3,1.3
2008-06-24,0.0,3.7737,10.8,1.3
2008-06-25,0.0,3.7216,10.2,1.3
2008-06-26,0.0,3.4992,11.6,1.3
2008-06-27,0.0,3.3257,11.3,1.3
2008-06-28,0.0,3.2024,14.4,1.3
2008-06-29,0.0,3.0666,18.1,1.3
2008-06-30,0.0,2.9667,19.9,1.3
2008-07-01,2.6670000000000003,2.8893,19.2,1.0
2008-07-02,0.381,2.8215,13.8,1.0
2008-07-03,0.0,2.7318,17.5,1.0
2008-07-04,0.0,2.7919,18.2,1.0
2008-07-05,0.0,2.6915,13.7,1.0
2008-07-06,0.0,2.5357,14.0,1.0
2008-07-07,0.0,2.3871,12.6,1.0
2008-07-08,0.0,2.215,13.8,1.0
2008-07-09,0.0,2.0342,15.6,1.0
2008-07-10,0.0,1.8612,14.5,1.0
2008-07-11,0.0,1.7004,9.0,1.0
2008-07-12,0.0,1.5521,11.4,1.0
2008-07-13,0.0,1.4321,14.8,1.0
2008-07-14,0.0,1.3347,14.8,1.0
2008-07-15,0.0,1.2352,14.4,1.0
2008-07-16,0.0,1.1527,14.0,1.0
2008-07-17,0.0,1.078,14.8,1.0
2008-07-18,0.0,1.0011,13.6,1.0
2008-07-19,0.0,0.9553200000000001,12.4,1.0
2008-07-20,0.0,0.90871,14.1,1.0
2008-07-21,0.0,0.8675299999999999,16.3,1.0
2008-07-22,3.048,0.8342,18.1,1.0
2008-07-23,0.0,0.79672,13.3,1.0
2008-07-24,0.0,0.7881,13.1,1.0
2008-07-25,0.0,0.7767,14.4,1.0
2008-07-26,0.0,0.74934,16.4,1.0
2008-07-27,0.0,0.71643,15.5,1.0
2008-07-28,0.0,0.67716,13.8,1.0
2008-07-29,0.0,0.64558,13.8,1.0
2008-07-30,0.0,0.61127,10.8,1.0
2008-07-31,0.0,0.5879300000000001,8.8,1.0
2008-08-01,0.0,0.5656,11.9,0.8
2008-08-02,0.0,0.55456,10.3,0.8
2008-08-03,0.0,0.53898,10.7,0.8
2008-08-04,0.0,0.5161899999999999,10.6,0.8
2008-08-05,0.0,0.5101,14.8,0.8
2008-08-06,0.0,0.4905,17.6,0.8
2008-08-07,0.0,0.47192,20.3,0.8
2008-08-08,0.0,0.45545,19.3,0.8
2008-08-09,0.381,0.43398000000000003,18.7,0.8
2008-08-10,0.0,0.4189100000000001,13.2,0.8
2008-08-11,0.0,0.40642,9.2,0.8
2008-08-12,0.0,0.39932,11.7,0.8
2008-08-13,0.0,0.39912,14.3,0.8
2008-08-14,0.0,0.38756999999999997,17.7,0.8
2008-08-15,0.0,0.38023,19.2,0.8
2008-08-16,0.0,0.37765,19.2,0.8
2008-08-17,0.0,0.36796999999999996,21.2,0.8
2008-08-18,1.524,0.36583000000000004,20.3,0.8
2008-08-19,1.524,0.35985,18.0,0.8
2008-08-20,4.3180000000000005,0.35318,10.1,0.8
2008-08-21,2.667,0.37203,9.8,0.8
2008-08-22,0.0,0.39768000000000003,7.6,0.8
2008-08-23,0.0,0.41212,9.5,0.8
2008-08-24,2.7939999999999996,0.40888,12.7,0.8
2008-08-25,0.0,0.40783,14.7,0.8
2008-08-26,2.794,0.40088,8.9,0.8
2008-08-27,3.556,0.38600999999999996,5.7,0.8
2008-08-28,0.0,0.37992,6.4,0.8
2008-08-29,0.381,0.38386,9.4,0.8
2008-08-30,0.0,0.37715,11.4,0.8
2008-08-31,1.524,0.37535,8.2,0.8
2008-09-01,1.143,0.4042,4.9,0.6
2008-09-02,0.0,0.40349,4.4,0.6
2008-09-03,0.0,0.43285,6.2,0.6
2008-09-04,0.0,0.44963000000000003,7.3,0.6
2008-09-05,1.3969999999999998,0.44167,5.5,0.6
2008-09-06,0.381,0.43218,6.1,0.6
2008-09-07,0.0,0.4186,7.1,0.6
2008-09-08,0.0,0.41033000000000003,5.1,0.6
2008-09-09,1.3969999999999998,0.3969,8.0,0.6
2008-09-10,0.762,0.39034,8.2,0.6
2008-09-11,0.0,0.38148000000000004,6.9,0.6
2008-09-12,1.143,0.37387,10.3,0.6
2008-09-13,0.381,0.35966,8.3,0.6
2008-09-14,0.0,0.34561,8.1,0.6
2008-09-15,0.0,0.34088,9.7,0.6
2008-09-16,0.0,0.3385,10.9,0.6
2008-09-17,0.0,0.33421,11.3,0.6
2008-09-18,0.0,0.31821,13.7,0.6
2008-09-19,0.381,0.30509000000000003,13.7,0.6
2008-09-20,0.762,0.29946999999999996,13.8,0.6
2008-09-21,9.398,0.31156999999999996,9.4,0.6
2008-09-22,2.54,0.32223,5.5,0.6
2008-09-23,0.381,0.33323,3.2,0.6
2008-09-24,0.254,0.34967,2.0,0.6
2008-09-25,0.254,0.36044,5.0,0.6
2008-09-26,0.0,0.35786,5.5,0.6
2008-09-27,0.0,0.34756,4.7,0.6
2008-09-28,0.0,0.34639000000000003,5.6,0.6
2008-09-29,0.0,0.33526,7.1,0.6
2008-09-30,0.0,0.32133,9.6,0.6
2008-10-01,0.0,0.35223000000000004,10.9,0.4
2008-10-02,0.254,0.35223000000000004,12.0,0.4
2008-10-03,2.54,0.35223000000000004,11.3,0.4
2008-10-04,0.762,0.35223000000000004,8.1,0.4
2008-10-05,1.143,0.35223000000000004,5.7,0.4
2008-10-06,3.683,0.35223000000000004,1.9,0.4
2008-10-07,1.3969999999999998,0.35223000000000004,3.5,0.4
2008-10-08,0.0,0.35223000000000004,0.5,0.4
2008-10-09,1.524,0.35223000000000004,-2.0,0.4
2008-10-10,0.381,0.35223000000000004,-2.5,0.4
2008-10-11,1.143,0.35223000000000004,-4.0,0.4
2008-10-12,0.381,0.35223000000000004,-2.0,0.4
2008-10-13,0.381,0.35223000000000004,1.1,0.4
2008-10-14,0.0,0.35223000000000004,2.7,0.4
2008-10-15,0.0,0.35223000000000004,-1.2,0.4
2008-10-16,0.381,0.35223000000000004,0.0,0.4
2008-10-17,0.0,0.35223000000000004,3.1,0.4
2008-10-18,0.381,0.35223000000000004,8.2,0.4
2008-10-19,0.0,0.35223000000000004,2.4,0.4
2008-10-20,1.016,0.35223000000000004,2.0,0.4
2008-10-21,0.0,0.35223000000000004,0.6,0.4
2008-10-22,0.0,0.35223000000000004,-1.7,0.4
2008-10-23,0.0,0.35223000000000004,0.2,0.4
2008-10-24,0.381,0.35223000000000004,-1.1,0.4
2008-10-25,0.0,0.35223000000000004,0.2,0.4
2008-10-26,0.0,0.35223000000000004,-3.3,0.4
2008-10-27,0.0,0.35223000000000004,-1.5,0.4
2008-10-28,0.0,0.35223000000000004,0.8,0.4
2008-10-29,0.0,0.35223000000000004,1.8,0.4
2008-10-30,0.508,0.35223000000000004,2.5,0.4
2008-10-31,0.0,0.35223000000000004,3.7,0.4
2008-11-01,1.016,0.52459,5.4,0.2
2008-11-02,0.635,0.52459,4.3,0.2
2008-11-03,0.762,0.52459,2.8,0.2
2008-11-04,4.8260000000000005,0.52459,-1.3,0.2
2008-11-05,0.381,0.52459,-1.0,0.2
2008-11-06,14.732000000000001,0.52459,-3.5,0.2
2008-11-07,4.699000000000002,0.52459,-1.1,0.2
2008-11-08,0.254,0.52459,0.4,0.2
2008-11-09,0.762,0.52459,2.3,0.2
2008-11-10,0.381,0.52459,1.8,0.2
2008-11-11,9.525,0.52459,0.6,0.2
2008-11-12,5.8420000000000005,0.52459,1.5,0.2
2008-11-13,0.762,0.52459,1.2,0.2
2008-11-14,0.0,0.52459,-4.6,0.2
2008-11-15,1.143,0.52459,-3.6,0.2
2008-11-16,0.0,0.52459,-0.3,0.2
2008-11-17,0.0,0.52459,0.0,0.2
2008-11-18,0.0,0.52459,0.6,0.2
2008-11-19,1.016,0.52459,-1.1,0.2
2008-11-20,0.254,0.52459,-4.9,0.2
2008-11-21,1.016,0.52459,-2.1,0.2
2008-11-22,0.381,0.52459,-2.7,0.2
2008-11-23,0.0,0.52459,-2.5,0.2
2008-11-24,0.381,0.52459,-3.3,0.2
2008-11-25,2.286,0.52459,-3.7,0.2
2008-11-26,0.762,0.52459,-2.4,0.2
2008-11-27,2.286,0.52459,-4.9,0.2
2008-11-28,1.651,0.52459,-5.6,0.2
2008-11-29,0.889,0.52459,-3.5,0.2
2008-11-30,0.508,0.52459,-2.1,0.2
2008-12-01,4.953,0.33499,0.1,0.3
2008-12-02,2.286,0.33499,-2.4,0.3
2008-12-03,0.0,0.33499,-6.8,0.3
2008-12-04,0.889,0.33499,-10.7,0.3
2008-12-05,3.048,0.33499,-9.9,0.3
2008-12-06,0.635,0.33499,-5.1,0.3
2008-12-07,1.524,0.33499,-2.8,0.3
2008-12-08,0.635,0.33499,-3.5,0.3
2008-12-09,0.762,0.33499,-4.7,0.3
2008-12-10,0.762,0.33499,-2.6,0.3
2008-12-11,5.08,0.33499,-4.3,0.3
2008-12-12,3.937,0.33499,-8.2,0.3
2008-12-13,0.381,0.33499,-15.6,0.3
2008-12-14,0.0,0.33499,-28.6,0.3
2008-12-15,0.0,0.33499,-27.2,0.3
2008-12-16,6.731,0.33499,-24.5,0.3
2008-12-17,26.035,0.33499,-19.6,0.3
2008-12-18,9.906,0.33499,-19.8,0.3
2008-12-19,1.651,0.33499,-23.5,0.3
2008-12-20,0.762,0.33499,-27.5,0.3
2008-12-21,8.89,0.33499,-24.4,0.3
2008-12-22,4.445,0.33499,-15.8,0.3
2008-12-23,0.635,0.33499,-22.4,0.3
2008-12-24,7.874,0.33499,-16.7,0.3
2008-12-25,2.032,0.33499,-9.0,0.3
2008-12-26,6.096,0.33499,-18.2,0.3
2008-12-27,6.476999999999999,0.33499,-12.2,0.3
2008-12-28,6.8580000000000005,0.33499,-2.6,0.3
2008-12-29,16.509999999999998,0.33499,-9.3,0.3
2008-12-30,2.54,0.33499,-8.7,0.3
2008-12-31,5.207000000000002,0.33499,-9.0,0.3
